window_end_idx,window_end,target_idx,target_time,y_true,y_pred,model,seed
48359,2024-07-07 23:00:00+00:00,48383,2024-07-08 23:00:00+00:00,-1.3968849,-0.014555062,stgcn,22
48365,2024-07-08 05:00:00+00:00,48389,2024-07-09 05:00:00+00:00,0.27843398,0.1228358,stgcn,22
48371,2024-07-08 11:00:00+00:00,48395,2024-07-09 11:00:00+00:00,0.27843398,0.12949577,stgcn,22
48377,2024-07-08 17:00:00+00:00,48401,2024-07-09 17:00:00+00:00,0.27843398,0.069601856,stgcn,22
48383,2024-07-08 23:00:00+00:00,48407,2024-07-09 23:00:00+00:00,0.27843398,0.07903555,stgcn,22
48389,2024-07-09 05:00:00+00:00,48413,2024-07-10 05:00:00+00:00,1.7413036,-0.04218949,stgcn,22
48395,2024-07-09 11:00:00+00:00,48419,2024-07-10 11:00:00+00:00,1.7413036,-0.076871976,stgcn,22
48401,2024-07-09 17:00:00+00:00,48425,2024-07-10 17:00:00+00:00,1.7413036,-0.07586872,stgcn,22
48407,2024-07-09 23:00:00+00:00,48431,2024-07-10 23:00:00+00:00,1.7413036,-0.04289536,stgcn,22
48413,2024-07-10 05:00:00+00:00,48437,2024-07-11 05:00:00+00:00,0.44903946,-0.004163243,stgcn,22
48419,2024-07-10 11:00:00+00:00,48443,2024-07-11 11:00:00+00:00,0.44903946,0.051596537,stgcn,22
48425,2024-07-10 17:00:00+00:00,48449,2024-07-11 17:00:00+00:00,0.44903946,0.028988598,stgcn,22
48431,2024-07-10 23:00:00+00:00,48455,2024-07-11 23:00:00+00:00,0.44903946,0.07716167,stgcn,22
48437,2024-07-11 05:00:00+00:00,48461,2024-07-12 05:00:00+00:00,-1.1895471,-0.0017051566,stgcn,22
48443,2024-07-11 11:00:00+00:00,48467,2024-07-12 11:00:00+00:00,-1.1895471,-0.014038384,stgcn,22
48449,2024-07-11 17:00:00+00:00,48473,2024-07-12 17:00:00+00:00,-1.1895471,-0.030236032,stgcn,22
48455,2024-07-11 23:00:00+00:00,48479,2024-07-12 23:00:00+00:00,-1.1895471,-0.074383296,stgcn,22
48461,2024-07-12 05:00:00+00:00,48485,2024-07-13 05:00:00+00:00,0.0,-0.06311498,stgcn,22
48467,2024-07-12 11:00:00+00:00,48491,2024-07-13 11:00:00+00:00,0.0,-0.038277544,stgcn,22
48473,2024-07-12 17:00:00+00:00,48497,2024-07-13 17:00:00+00:00,0.0,-0.05210366,stgcn,22
48479,2024-07-12 23:00:00+00:00,48503,2024-07-13 23:00:00+00:00,0.0,-0.027904987,stgcn,22
48485,2024-07-13 05:00:00+00:00,48509,2024-07-14 05:00:00+00:00,0.0,-0.019705607,stgcn,22
48491,2024-07-13 11:00:00+00:00,48515,2024-07-14 11:00:00+00:00,0.0,-0.014583072,stgcn,22
48497,2024-07-13 17:00:00+00:00,48521,2024-07-14 17:00:00+00:00,0.0,-0.012792861,stgcn,22
48503,2024-07-13 23:00:00+00:00,48527,2024-07-14 23:00:00+00:00,0.0,-0.015990853,stgcn,22
48509,2024-07-14 05:00:00+00:00,48533,2024-07-15 05:00:00+00:00,-3.545227,-0.013713059,stgcn,22
48515,2024-07-14 11:00:00+00:00,48539,2024-07-15 11:00:00+00:00,-3.545227,-0.010482968,stgcn,22
48521,2024-07-14 17:00:00+00:00,48545,2024-07-15 17:00:00+00:00,-3.545227,-0.0077292826,stgcn,22
48527,2024-07-14 23:00:00+00:00,48551,2024-07-15 23:00:00+00:00,-3.545227,0.003188569,stgcn,22
48533,2024-07-15 05:00:00+00:00,48557,2024-07-16 05:00:00+00:00,2.7361429,0.043975756,stgcn,22
48539,2024-07-15 11:00:00+00:00,48563,2024-07-16 11:00:00+00:00,2.7361429,0.090002544,stgcn,22
48545,2024-07-15 17:00:00+00:00,48569,2024-07-16 17:00:00+00:00,2.7361429,0.08084524,stgcn,22
48551,2024-07-15 23:00:00+00:00,48575,2024-07-16 23:00:00+00:00,2.7361429,0.102081016,stgcn,22
48557,2024-07-16 05:00:00+00:00,48581,2024-07-17 05:00:00+00:00,0.20794529,-0.021284321,stgcn,22
48563,2024-07-16 11:00:00+00:00,48587,2024-07-17 11:00:00+00:00,0.20794529,-0.006064376,stgcn,22
48569,2024-07-16 17:00:00+00:00,48593,2024-07-17 17:00:00+00:00,0.20794529,-0.09149339,stgcn,22
48575,2024-07-16 23:00:00+00:00,48599,2024-07-17 23:00:00+00:00,0.20794529,-0.025443865,stgcn,22
48581,2024-07-17 05:00:00+00:00,48605,2024-07-18 05:00:00+00:00,0.8278115,0.0014536623,stgcn,22
48587,2024-07-17 11:00:00+00:00,48611,2024-07-18 11:00:00+00:00,0.8278115,0.050514452,stgcn,22
48593,2024-07-17 17:00:00+00:00,48617,2024-07-18 17:00:00+00:00,0.8278115,0.055634663,stgcn,22
48599,2024-07-17 23:00:00+00:00,48623,2024-07-18 23:00:00+00:00,0.8278115,0.06091936,stgcn,22
48605,2024-07-18 05:00:00+00:00,48629,2024-07-19 05:00:00+00:00,-0.27351442,0.006795205,stgcn,22
48611,2024-07-18 11:00:00+00:00,48635,2024-07-19 11:00:00+00:00,-0.27351442,-0.0035888217,stgcn,22
48617,2024-07-18 17:00:00+00:00,48641,2024-07-19 17:00:00+00:00,-0.27351442,-0.015654357,stgcn,22
48623,2024-07-18 23:00:00+00:00,48647,2024-07-19 23:00:00+00:00,-0.27351442,-0.01744876,stgcn,22
48629,2024-07-19 05:00:00+00:00,48653,2024-07-20 05:00:00+00:00,0.0,-0.0423935,stgcn,22
48635,2024-07-19 11:00:00+00:00,48659,2024-07-20 11:00:00+00:00,0.0,-0.1326685,stgcn,22
48641,2024-07-19 17:00:00+00:00,48665,2024-07-20 17:00:00+00:00,0.0,-0.084930144,stgcn,22
48647,2024-07-19 23:00:00+00:00,48671,2024-07-20 23:00:00+00:00,0.0,-0.030125028,stgcn,22
48653,2024-07-20 05:00:00+00:00,48677,2024-07-21 05:00:00+00:00,0.0,0.01619715,stgcn,22
48659,2024-07-20 11:00:00+00:00,48683,2024-07-21 11:00:00+00:00,0.0,0.18652995,stgcn,22
48665,2024-07-20 17:00:00+00:00,48689,2024-07-21 17:00:00+00:00,0.0,0.1984425,stgcn,22
48671,2024-07-20 23:00:00+00:00,48695,2024-07-21 23:00:00+00:00,0.0,0.23500735,stgcn,22
48677,2024-07-21 05:00:00+00:00,48701,2024-07-22 05:00:00+00:00,-0.37496218,0.089390755,stgcn,22
48683,2024-07-21 11:00:00+00:00,48707,2024-07-22 11:00:00+00:00,-0.37496218,0.14365032,stgcn,22
48689,2024-07-21 17:00:00+00:00,48713,2024-07-22 17:00:00+00:00,-0.37496218,0.09361163,stgcn,22
48695,2024-07-21 23:00:00+00:00,48719,2024-07-22 23:00:00+00:00,-0.37496218,-0.016072392,stgcn,22
48701,2024-07-22 05:00:00+00:00,48725,2024-07-23 05:00:00+00:00,-0.033187695,-0.046901267,stgcn,22
48707,2024-07-22 11:00:00+00:00,48731,2024-07-23 11:00:00+00:00,-0.033187695,-0.0111356955,stgcn,22
48713,2024-07-22 17:00:00+00:00,48737,2024-07-23 17:00:00+00:00,-0.033187695,-0.009138447,stgcn,22
48719,2024-07-22 23:00:00+00:00,48743,2024-07-23 23:00:00+00:00,-0.033187695,-0.006202709,stgcn,22
48725,2024-07-23 05:00:00+00:00,48749,2024-07-24 05:00:00+00:00,1.1365349,-0.037965667,stgcn,22
48731,2024-07-23 11:00:00+00:00,48755,2024-07-24 11:00:00+00:00,1.1365349,-0.019633511,stgcn,22
48737,2024-07-23 17:00:00+00:00,48761,2024-07-24 17:00:00+00:00,1.1365349,-0.013025635,stgcn,22
48743,2024-07-23 23:00:00+00:00,48767,2024-07-24 23:00:00+00:00,1.1365349,0.02545776,stgcn,22
48749,2024-07-24 05:00:00+00:00,48773,2024-07-25 05:00:00+00:00,-0.9027538,0.03440529,stgcn,22
48755,2024-07-24 11:00:00+00:00,48779,2024-07-25 11:00:00+00:00,-0.9027538,0.041782014,stgcn,22
48761,2024-07-24 17:00:00+00:00,48785,2024-07-25 17:00:00+00:00,-0.9027538,-0.0035180543,stgcn,22
48767,2024-07-24 23:00:00+00:00,48791,2024-07-25 23:00:00+00:00,-0.9027538,-0.013639353,stgcn,22
48773,2024-07-25 05:00:00+00:00,48797,2024-07-26 05:00:00+00:00,0.51038045,-0.028580818,stgcn,22
48779,2024-07-25 11:00:00+00:00,48803,2024-07-26 11:00:00+00:00,0.51038045,-0.032266382,stgcn,22
48785,2024-07-25 17:00:00+00:00,48809,2024-07-26 17:00:00+00:00,0.51038045,-0.05183606,stgcn,22
48791,2024-07-25 23:00:00+00:00,48815,2024-07-26 23:00:00+00:00,0.51038045,-0.06556419,stgcn,22
48797,2024-07-26 05:00:00+00:00,48821,2024-07-27 05:00:00+00:00,0.0,-0.072587945,stgcn,22
48803,2024-07-26 11:00:00+00:00,48827,2024-07-27 11:00:00+00:00,0.0,-0.09896198,stgcn,22
48809,2024-07-26 17:00:00+00:00,48833,2024-07-27 17:00:00+00:00,0.0,-0.013137168,stgcn,22
48815,2024-07-26 23:00:00+00:00,48839,2024-07-27 23:00:00+00:00,0.0,-0.005160881,stgcn,22
48821,2024-07-27 05:00:00+00:00,48845,2024-07-28 05:00:00+00:00,0.0,0.04348778,stgcn,22
48827,2024-07-27 11:00:00+00:00,48851,2024-07-28 11:00:00+00:00,0.0,0.3532693,stgcn,22
48833,2024-07-27 17:00:00+00:00,48857,2024-07-28 17:00:00+00:00,0.0,0.36635202,stgcn,22
48839,2024-07-27 23:00:00+00:00,48863,2024-07-28 23:00:00+00:00,0.0,0.3638088,stgcn,22
48845,2024-07-28 05:00:00+00:00,48869,2024-07-29 05:00:00+00:00,-0.16695869,0.11798124,stgcn,22
48851,2024-07-28 11:00:00+00:00,48875,2024-07-29 11:00:00+00:00,-0.16695869,0.09670796,stgcn,22
48857,2024-07-28 17:00:00+00:00,48881,2024-07-29 17:00:00+00:00,-0.16695869,-0.023962177,stgcn,22
48863,2024-07-28 23:00:00+00:00,48887,2024-07-29 23:00:00+00:00,-0.16695869,-0.10886536,stgcn,22
48869,2024-07-29 05:00:00+00:00,48893,2024-07-30 05:00:00+00:00,-0.9093107,-0.47323945,stgcn,22
48875,2024-07-29 11:00:00+00:00,48899,2024-07-30 11:00:00+00:00,-0.9093107,-0.47583696,stgcn,22
48881,2024-07-29 17:00:00+00:00,48905,2024-07-30 17:00:00+00:00,-0.9093107,-0.45478785,stgcn,22
48887,2024-07-29 23:00:00+00:00,48911,2024-07-30 23:00:00+00:00,-0.9093107,-0.19156054,stgcn,22
48893,2024-07-30 05:00:00+00:00,48917,2024-07-31 05:00:00+00:00,0.79022133,-0.07058279,stgcn,22
48899,2024-07-30 11:00:00+00:00,48923,2024-07-31 11:00:00+00:00,0.79022133,-0.03535698,stgcn,22
48905,2024-07-30 17:00:00+00:00,48929,2024-07-31 17:00:00+00:00,0.79022133,-0.0114522735,stgcn,22
48911,2024-07-30 23:00:00+00:00,48935,2024-07-31 23:00:00+00:00,0.79022133,0.068381146,stgcn,22
48917,2024-07-31 05:00:00+00:00,48941,2024-08-01 05:00:00+00:00,-0.33189696,0.08539258,stgcn,22
48923,2024-07-31 11:00:00+00:00,48947,2024-08-01 11:00:00+00:00,-0.33189696,0.10955587,stgcn,22
48929,2024-07-31 17:00:00+00:00,48953,2024-08-01 17:00:00+00:00,-0.33189696,0.044463202,stgcn,22
48935,2024-07-31 23:00:00+00:00,48959,2024-08-01 23:00:00+00:00,-0.33189696,0.06284497,stgcn,22
48941,2024-08-01 05:00:00+00:00,48965,2024-08-02 05:00:00+00:00,0.73132193,0.091188446,stgcn,22
48947,2024-08-01 11:00:00+00:00,48971,2024-08-02 11:00:00+00:00,0.73132193,0.09633507,stgcn,22
48953,2024-08-01 17:00:00+00:00,48977,2024-08-02 17:00:00+00:00,0.73132193,0.10437414,stgcn,22
48959,2024-08-01 23:00:00+00:00,48983,2024-08-02 23:00:00+00:00,0.73132193,0.09558548,stgcn,22
48965,2024-08-02 05:00:00+00:00,48989,2024-08-03 05:00:00+00:00,0.0,0.036191173,stgcn,22
48971,2024-08-02 11:00:00+00:00,48995,2024-08-03 11:00:00+00:00,0.0,-0.010182927,stgcn,22
48977,2024-08-02 17:00:00+00:00,49001,2024-08-03 17:00:00+00:00,0.0,-0.014595837,stgcn,22
48983,2024-08-02 23:00:00+00:00,49007,2024-08-03 23:00:00+00:00,0.0,-0.017421989,stgcn,22
48989,2024-08-03 05:00:00+00:00,49013,2024-08-04 05:00:00+00:00,0.0,-0.022135295,stgcn,22
48995,2024-08-03 11:00:00+00:00,49019,2024-08-04 11:00:00+00:00,0.0,-0.06069409,stgcn,22
49001,2024-08-03 17:00:00+00:00,49025,2024-08-04 17:00:00+00:00,0.0,-0.06151332,stgcn,22
49007,2024-08-03 23:00:00+00:00,49031,2024-08-04 23:00:00+00:00,0.0,-0.055079423,stgcn,22
49013,2024-08-04 05:00:00+00:00,49037,2024-08-05 05:00:00+00:00,-3.6683185,0.011713726,stgcn,22
49019,2024-08-04 11:00:00+00:00,49043,2024-08-05 11:00:00+00:00,-3.6683185,0.048110284,stgcn,22
49025,2024-08-04 17:00:00+00:00,49049,2024-08-05 17:00:00+00:00,-3.6683185,0.053184867,stgcn,22
49031,2024-08-04 23:00:00+00:00,49055,2024-08-05 23:00:00+00:00,-3.6683185,0.05221904,stgcn,22
49037,2024-08-05 05:00:00+00:00,49061,2024-08-06 05:00:00+00:00,2.9821494,-0.020527886,stgcn,22
49043,2024-08-05 11:00:00+00:00,49067,2024-08-06 11:00:00+00:00,2.9821494,-0.024978673,stgcn,22
49049,2024-08-05 17:00:00+00:00,49073,2024-08-06 17:00:00+00:00,2.9821494,-0.031708058,stgcn,22
49055,2024-08-05 23:00:00+00:00,49079,2024-08-06 23:00:00+00:00,2.9821494,-0.00015168078,stgcn,22
49061,2024-08-06 05:00:00+00:00,49085,2024-08-07 05:00:00+00:00,1.51685,0.1675092,stgcn,22
49067,2024-08-06 11:00:00+00:00,49091,2024-08-07 11:00:00+00:00,1.51685,0.37681836,stgcn,22
49073,2024-08-06 17:00:00+00:00,49097,2024-08-07 17:00:00+00:00,1.51685,0.35110804,stgcn,22
49079,2024-08-06 23:00:00+00:00,49103,2024-08-07 23:00:00+00:00,1.51685,0.19787568,stgcn,22
49085,2024-08-07 05:00:00+00:00,49109,2024-08-08 05:00:00+00:00,-2.0406678,-0.35852426,stgcn,22
49091,2024-08-07 11:00:00+00:00,49115,2024-08-08 11:00:00+00:00,-2.0406678,-0.2578973,stgcn,22
49097,2024-08-07 17:00:00+00:00,49121,2024-08-08 17:00:00+00:00,-2.0406678,-0.20694277,stgcn,22
49103,2024-08-07 23:00:00+00:00,49127,2024-08-08 23:00:00+00:00,-2.0406678,-0.018969843,stgcn,22
49109,2024-08-08 05:00:00+00:00,49133,2024-08-09 05:00:00+00:00,0.078042924,-0.015511356,stgcn,22
49115,2024-08-08 11:00:00+00:00,49139,2024-08-09 11:00:00+00:00,0.078042924,0.0049267616,stgcn,22
49121,2024-08-08 17:00:00+00:00,49145,2024-08-09 17:00:00+00:00,0.078042924,0.013991727,stgcn,22
49127,2024-08-08 23:00:00+00:00,49151,2024-08-09 23:00:00+00:00,0.078042924,-0.010182927,stgcn,22
49133,2024-08-09 05:00:00+00:00,49157,2024-08-10 05:00:00+00:00,0.0,-0.017072372,stgcn,22
49139,2024-08-09 11:00:00+00:00,49163,2024-08-10 11:00:00+00:00,0.0,-0.036563184,stgcn,22
49145,2024-08-09 17:00:00+00:00,49169,2024-08-10 17:00:00+00:00,0.0,-0.05235567,stgcn,22
49151,2024-08-09 23:00:00+00:00,49175,2024-08-10 23:00:00+00:00,0.0,-0.0461908,stgcn,22
49157,2024-08-10 05:00:00+00:00,49181,2024-08-11 05:00:00+00:00,0.0,-0.06317022,stgcn,22
49163,2024-08-10 11:00:00+00:00,49187,2024-08-11 11:00:00+00:00,0.0,-0.025187334,stgcn,22
49169,2024-08-10 17:00:00+00:00,49193,2024-08-11 17:00:00+00:00,0.0,-0.009515446,stgcn,22
49175,2024-08-10 23:00:00+00:00,49199,2024-08-11 23:00:00+00:00,0.0,-0.0058428627,stgcn,22
49181,2024-08-11 05:00:00+00:00,49205,2024-08-12 05:00:00+00:00,-0.6783982,0.019429972,stgcn,22
49187,2024-08-11 11:00:00+00:00,49211,2024-08-12 11:00:00+00:00,-0.6783982,0.09794416,stgcn,22
49193,2024-08-11 17:00:00+00:00,49217,2024-08-12 17:00:00+00:00,-0.6783982,0.19821183,stgcn,22
49199,2024-08-11 23:00:00+00:00,49223,2024-08-12 23:00:00+00:00,-0.6783982,0.28079098,stgcn,22
49205,2024-08-12 05:00:00+00:00,49229,2024-08-13 05:00:00+00:00,2.0750773,0.38760126,stgcn,22
49211,2024-08-12 11:00:00+00:00,49235,2024-08-13 11:00:00+00:00,2.0750773,0.2245034,stgcn,22
49217,2024-08-12 17:00:00+00:00,49241,2024-08-13 17:00:00+00:00,2.0750773,0.102354586,stgcn,22
49223,2024-08-12 23:00:00+00:00,49247,2024-08-13 23:00:00+00:00,2.0750773,0.03099952,stgcn,22
49229,2024-08-13 05:00:00+00:00,49253,2024-08-14 05:00:00+00:00,-1.3222808,-0.14209639,stgcn,22
49235,2024-08-13 11:00:00+00:00,49259,2024-08-14 11:00:00+00:00,-1.3222808,-0.20838873,stgcn,22
49241,2024-08-13 17:00:00+00:00,49265,2024-08-14 17:00:00+00:00,-1.3222808,-0.29529497,stgcn,22
49247,2024-08-13 23:00:00+00:00,49271,2024-08-14 23:00:00+00:00,-1.3222808,-0.21219914,stgcn,22
49253,2024-08-14 05:00:00+00:00,49277,2024-08-15 05:00:00+00:00,-0.5421034,-0.086627506,stgcn,22
49259,2024-08-14 11:00:00+00:00,49283,2024-08-15 11:00:00+00:00,-0.5421034,-0.03867976,stgcn,22
49265,2024-08-14 17:00:00+00:00,49289,2024-08-15 17:00:00+00:00,-0.5421034,-0.029062279,stgcn,22
49271,2024-08-14 23:00:00+00:00,49295,2024-08-15 23:00:00+00:00,-0.5421034,-0.015270465,stgcn,22
49277,2024-08-15 05:00:00+00:00,49301,2024-08-16 05:00:00+00:00,0.18088204,-0.018650927,stgcn,22
49283,2024-08-15 11:00:00+00:00,49307,2024-08-16 11:00:00+00:00,0.18088204,-0.005059557,stgcn,22
49289,2024-08-15 17:00:00+00:00,49313,2024-08-16 17:00:00+00:00,0.18088204,-0.0069389697,stgcn,22
49295,2024-08-15 23:00:00+00:00,49319,2024-08-16 23:00:00+00:00,0.18088204,-0.011246402,stgcn,22
49301,2024-08-16 05:00:00+00:00,49325,2024-08-17 05:00:00+00:00,0.0,-0.00935801,stgcn,22
49307,2024-08-16 11:00:00+00:00,49331,2024-08-17 11:00:00+00:00,0.0,-0.010182927,stgcn,22
49313,2024-08-16 17:00:00+00:00,49337,2024-08-17 17:00:00+00:00,0.0,-0.010182927,stgcn,22
49319,2024-08-16 23:00:00+00:00,49343,2024-08-17 23:00:00+00:00,0.0,-0.010182927,stgcn,22
49325,2024-08-17 05:00:00+00:00,49349,2024-08-18 05:00:00+00:00,0.0,0.0048056133,stgcn,22
49331,2024-08-17 11:00:00+00:00,49355,2024-08-18 11:00:00+00:00,0.0,0.0005547069,stgcn,22
49337,2024-08-17 17:00:00+00:00,49361,2024-08-18 17:00:00+00:00,0.0,-0.007037202,stgcn,22
49343,2024-08-17 23:00:00+00:00,49367,2024-08-18 23:00:00+00:00,0.0,-0.011147228,stgcn,22
49349,2024-08-18 05:00:00+00:00,49373,2024-08-19 05:00:00+00:00,1.4241991,-0.004040895,stgcn,22
49355,2024-08-18 11:00:00+00:00,49379,2024-08-19 11:00:00+00:00,1.4241991,-0.0015053991,stgcn,22
49361,2024-08-18 17:00:00+00:00,49385,2024-08-19 17:00:00+00:00,1.4241991,0.012323881,stgcn,22
49367,2024-08-18 23:00:00+00:00,49391,2024-08-19 23:00:00+00:00,1.4241991,-0.02109585,stgcn,22
49373,2024-08-19 05:00:00+00:00,49397,2024-08-20 05:00:00+00:00,-1.9288146,-0.016712226,stgcn,22
49379,2024-08-19 11:00:00+00:00,49403,2024-08-20 11:00:00+00:00,-1.9288146,-0.018415786,stgcn,22
49385,2024-08-19 17:00:00+00:00,49409,2024-08-20 17:00:00+00:00,-1.9288146,-0.01581667,stgcn,22
49391,2024-08-19 23:00:00+00:00,49415,2024-08-20 23:00:00+00:00,-1.9288146,-0.02626756,stgcn,22
49397,2024-08-20 05:00:00+00:00,49421,2024-08-21 05:00:00+00:00,0.98156214,-0.18238781,stgcn,22
49403,2024-08-20 11:00:00+00:00,49427,2024-08-21 11:00:00+00:00,0.98156214,-0.29829675,stgcn,22
49409,2024-08-20 17:00:00+00:00,49433,2024-08-21 17:00:00+00:00,0.98156214,-0.33488956,stgcn,22
49415,2024-08-20 23:00:00+00:00,49439,2024-08-21 23:00:00+00:00,0.98156214,-0.32001343,stgcn,22
49421,2024-08-21 05:00:00+00:00,49445,2024-08-22 05:00:00+00:00,-0.010110326,-0.3067049,stgcn,22
49427,2024-08-21 11:00:00+00:00,49451,2024-08-22 11:00:00+00:00,-0.010110326,-0.28977725,stgcn,22
49433,2024-08-21 17:00:00+00:00,49457,2024-08-22 17:00:00+00:00,-0.010110326,-0.16465737,stgcn,22
49439,2024-08-21 23:00:00+00:00,49463,2024-08-22 23:00:00+00:00,-0.010110326,-0.088733606,stgcn,22
49445,2024-08-22 05:00:00+00:00,49469,2024-08-23 05:00:00+00:00,0.9545936,-0.040853817,stgcn,22
49451,2024-08-22 11:00:00+00:00,49475,2024-08-23 11:00:00+00:00,0.9545936,-0.020167168,stgcn,22
49457,2024-08-22 17:00:00+00:00,49481,2024-08-23 17:00:00+00:00,0.9545936,0.007953117,stgcn,22
49463,2024-08-22 23:00:00+00:00,49487,2024-08-23 23:00:00+00:00,0.9545936,0.01949116,stgcn,22
49469,2024-08-23 05:00:00+00:00,49493,2024-08-24 05:00:00+00:00,0.0,0.02130452,stgcn,22
49475,2024-08-23 11:00:00+00:00,49499,2024-08-24 11:00:00+00:00,0.0,0.014718877,stgcn,22
49481,2024-08-23 17:00:00+00:00,49505,2024-08-24 17:00:00+00:00,0.0,0.020131534,stgcn,22
49487,2024-08-23 23:00:00+00:00,49511,2024-08-24 23:00:00+00:00,0.0,0.023306778,stgcn,22
49493,2024-08-24 05:00:00+00:00,49517,2024-08-25 05:00:00+00:00,0.0,0.017947542,stgcn,22
49499,2024-08-24 11:00:00+00:00,49523,2024-08-25 11:00:00+00:00,0.0,0.00710202,stgcn,22
49505,2024-08-24 17:00:00+00:00,49529,2024-08-25 17:00:00+00:00,0.0,0.00014985912,stgcn,22
49511,2024-08-24 23:00:00+00:00,49535,2024-08-25 23:00:00+00:00,0.0,-0.008714058,stgcn,22
49517,2024-08-25 05:00:00+00:00,49541,2024-08-26 05:00:00+00:00,-0.57092613,-0.012262702,stgcn,22
49523,2024-08-25 11:00:00+00:00,49547,2024-08-26 11:00:00+00:00,-0.57092613,-0.015935373,stgcn,22
49529,2024-08-25 17:00:00+00:00,49553,2024-08-26 17:00:00+00:00,-0.57092613,-0.015922386,stgcn,22
49535,2024-08-25 23:00:00+00:00,49559,2024-08-26 23:00:00+00:00,-0.57092613,-0.016163506,stgcn,22
49541,2024-08-26 05:00:00+00:00,49565,2024-08-27 05:00:00+00:00,-0.3894271,-0.012975417,stgcn,22
49547,2024-08-26 11:00:00+00:00,49571,2024-08-27 11:00:00+00:00,-0.3894271,-0.0087969685,stgcn,22
49553,2024-08-26 17:00:00+00:00,49577,2024-08-27 17:00:00+00:00,-0.3894271,-0.004394235,stgcn,22
49559,2024-08-26 23:00:00+00:00,49583,2024-08-27 23:00:00+00:00,-0.3894271,-0.000974128,stgcn,22
49565,2024-08-27 05:00:00+00:00,49589,2024-08-28 05:00:00+00:00,0.1791003,-0.003448315,stgcn,22
49571,2024-08-27 11:00:00+00:00,49595,2024-08-28 11:00:00+00:00,0.1791003,-0.0033363923,stgcn,22
49577,2024-08-27 17:00:00+00:00,49601,2024-08-28 17:00:00+00:00,0.1791003,-0.0039822217,stgcn,22
49583,2024-08-27 23:00:00+00:00,49607,2024-08-28 23:00:00+00:00,0.1791003,-0.011770137,stgcn,22
49589,2024-08-28 05:00:00+00:00,49613,2024-08-29 05:00:00+00:00,0.09120695,-0.010483095,stgcn,22
49595,2024-08-28 11:00:00+00:00,49619,2024-08-29 11:00:00+00:00,0.09120695,-0.004524136,stgcn,22
49601,2024-08-28 17:00:00+00:00,49625,2024-08-29 17:00:00+00:00,0.09120695,-0.0028537586,stgcn,22
49607,2024-08-28 23:00:00+00:00,49631,2024-08-29 23:00:00+00:00,0.09120695,0.03234704,stgcn,22
49613,2024-08-29 05:00:00+00:00,49637,2024-08-30 05:00:00+00:00,0.5372525,0.034122445,stgcn,22
49619,2024-08-29 11:00:00+00:00,49643,2024-08-30 11:00:00+00:00,0.5372525,0.0381827,stgcn,22
49625,2024-08-29 17:00:00+00:00,49649,2024-08-30 17:00:00+00:00,0.5372525,0.0036621336,stgcn,22
49631,2024-08-29 23:00:00+00:00,49655,2024-08-30 23:00:00+00:00,0.5372525,-0.0053518023,stgcn,22
49637,2024-08-30 05:00:00+00:00,49661,2024-08-31 05:00:00+00:00,0.0,0.0053818207,stgcn,22
49643,2024-08-30 11:00:00+00:00,49667,2024-08-31 11:00:00+00:00,0.0,0.020183003,stgcn,22
49649,2024-08-30 17:00:00+00:00,49673,2024-08-31 17:00:00+00:00,0.0,0.024889486,stgcn,22
49655,2024-08-30 23:00:00+00:00,49679,2024-08-31 23:00:00+00:00,0.0,0.019598274,stgcn,22
49661,2024-08-31 05:00:00+00:00,49685,2024-09-01 05:00:00+00:00,0.0,-0.0031273868,stgcn,22
49667,2024-08-31 11:00:00+00:00,49691,2024-09-01 11:00:00+00:00,0.0,-0.010182927,stgcn,22
49673,2024-08-31 17:00:00+00:00,49697,2024-09-01 17:00:00+00:00,0.0,-0.010182927,stgcn,22
49679,2024-08-31 23:00:00+00:00,49703,2024-09-01 23:00:00+00:00,0.0,-0.010182927,stgcn,22
49685,2024-09-01 05:00:00+00:00,49709,2024-09-02 05:00:00+00:00,-0.62873393,-0.010182927,stgcn,22
49691,2024-09-01 11:00:00+00:00,49715,2024-09-02 11:00:00+00:00,-0.62873393,-0.012417937,stgcn,22
49697,2024-09-01 17:00:00+00:00,49721,2024-09-02 17:00:00+00:00,-0.62873393,-0.009646494,stgcn,22
49703,2024-09-01 23:00:00+00:00,49727,2024-09-02 23:00:00+00:00,-0.62873393,-0.010724365,stgcn,22
49709,2024-09-02 05:00:00+00:00,49733,2024-09-03 05:00:00+00:00,-0.031384047,0.15575004,stgcn,22
49715,2024-09-02 11:00:00+00:00,49739,2024-09-03 11:00:00+00:00,-0.031384047,0.07232423,stgcn,22
49721,2024-09-02 17:00:00+00:00,49745,2024-09-03 17:00:00+00:00,-0.031384047,0.021467587,stgcn,22
49727,2024-09-02 23:00:00+00:00,49751,2024-09-03 23:00:00+00:00,-0.031384047,-0.005884368,stgcn,22
49733,2024-09-03 05:00:00+00:00,49757,2024-09-04 05:00:00+00:00,1.0037686,-0.08550692,stgcn,22
49739,2024-09-03 11:00:00+00:00,49763,2024-09-04 11:00:00+00:00,1.0037686,-0.1830207,stgcn,22
49745,2024-09-03 17:00:00+00:00,49769,2024-09-04 17:00:00+00:00,1.0037686,-0.06108065,stgcn,22
49751,2024-09-03 23:00:00+00:00,49775,2024-09-04 23:00:00+00:00,1.0037686,-0.030709818,stgcn,22
49757,2024-09-04 05:00:00+00:00,49781,2024-09-05 05:00:00+00:00,0.25707436,0.07005376,stgcn,22
49763,2024-09-04 11:00:00+00:00,49787,2024-09-05 11:00:00+00:00,0.25707436,0.21479446,stgcn,22
49769,2024-09-04 17:00:00+00:00,49793,2024-09-05 17:00:00+00:00,0.25707436,0.2579414,stgcn,22
49775,2024-09-04 23:00:00+00:00,49799,2024-09-05 23:00:00+00:00,0.25707436,0.25498497,stgcn,22
49781,2024-09-05 05:00:00+00:00,49805,2024-09-06 05:00:00+00:00,-1.6743159,0.10295801,stgcn,22
49787,2024-09-05 11:00:00+00:00,49811,2024-09-06 11:00:00+00:00,-1.6743159,0.044815592,stgcn,22
49793,2024-09-05 17:00:00+00:00,49817,2024-09-06 17:00:00+00:00,-1.6743159,-0.013049002,stgcn,22
49799,2024-09-05 23:00:00+00:00,49823,2024-09-06 23:00:00+00:00,-1.6743159,-0.017452508,stgcn,22
49805,2024-09-06 05:00:00+00:00,49829,2024-09-07 05:00:00+00:00,0.0,-0.043459985,stgcn,22
49811,2024-09-06 11:00:00+00:00,49835,2024-09-07 11:00:00+00:00,0.0,-0.062290914,stgcn,22
49817,2024-09-06 17:00:00+00:00,49841,2024-09-07 17:00:00+00:00,0.0,-0.08467078,stgcn,22
49823,2024-09-06 23:00:00+00:00,49847,2024-09-07 23:00:00+00:00,0.0,-0.056994222,stgcn,22
49829,2024-09-07 05:00:00+00:00,49853,2024-09-08 05:00:00+00:00,0.0,-0.06520334,stgcn,22
49835,2024-09-07 11:00:00+00:00,49859,2024-09-08 11:00:00+00:00,0.0,-0.041144144,stgcn,22
49841,2024-09-07 17:00:00+00:00,49865,2024-09-08 17:00:00+00:00,0.0,-0.029380735,stgcn,22
49847,2024-09-07 23:00:00+00:00,49871,2024-09-08 23:00:00+00:00,0.0,-0.019643601,stgcn,22
49853,2024-09-08 05:00:00+00:00,49877,2024-09-09 05:00:00+00:00,0.8963295,-0.013643318,stgcn,22
49859,2024-09-08 11:00:00+00:00,49883,2024-09-09 11:00:00+00:00,0.8963295,-0.0072336905,stgcn,22
49865,2024-09-08 17:00:00+00:00,49889,2024-09-09 17:00:00+00:00,0.8963295,-0.011868418,stgcn,22
49871,2024-09-08 23:00:00+00:00,49895,2024-09-09 23:00:00+00:00,0.8963295,-0.011806828,stgcn,22
49877,2024-09-09 05:00:00+00:00,49901,2024-09-10 05:00:00+00:00,-1.0415938,0.05221393,stgcn,22
49883,2024-09-09 11:00:00+00:00,49907,2024-09-10 11:00:00+00:00,-1.0415938,0.11284761,stgcn,22
49889,2024-09-09 17:00:00+00:00,49913,2024-09-10 17:00:00+00:00,-1.0415938,0.1081038,stgcn,22
49895,2024-09-09 23:00:00+00:00,49919,2024-09-10 23:00:00+00:00,-1.0415938,0.052399978,stgcn,22
49901,2024-09-10 05:00:00+00:00,49925,2024-09-11 05:00:00+00:00,2.2826238,-0.008803904,stgcn,22
49907,2024-09-10 11:00:00+00:00,49931,2024-09-11 11:00:00+00:00,2.2826238,0.008051999,stgcn,22
49913,2024-09-10 17:00:00+00:00,49937,2024-09-11 17:00:00+00:00,2.2826238,0.013935501,stgcn,22
49919,2024-09-10 23:00:00+00:00,49943,2024-09-11 23:00:00+00:00,2.2826238,-0.03313861,stgcn,22
49925,2024-09-11 05:00:00+00:00,49949,2024-09-12 05:00:00+00:00,-1.8155762,-0.082895115,stgcn,22
49931,2024-09-11 11:00:00+00:00,49955,2024-09-12 11:00:00+00:00,-1.8155762,-0.085708514,stgcn,22
49937,2024-09-11 17:00:00+00:00,49961,2024-09-12 17:00:00+00:00,-1.8155762,-0.025559157,stgcn,22
49943,2024-09-11 23:00:00+00:00,49967,2024-09-12 23:00:00+00:00,-1.8155762,-0.0070876833,stgcn,22
49949,2024-09-12 05:00:00+00:00,49973,2024-09-13 05:00:00+00:00,1.4253297,0.023489794,stgcn,22
49955,2024-09-12 11:00:00+00:00,49979,2024-09-13 11:00:00+00:00,1.4253297,0.020572087,stgcn,22
49961,2024-09-12 17:00:00+00:00,49985,2024-09-13 17:00:00+00:00,1.4253297,0.043015674,stgcn,22
49967,2024-09-12 23:00:00+00:00,49991,2024-09-13 23:00:00+00:00,1.4253297,0.07857084,stgcn,22
49973,2024-09-13 05:00:00+00:00,49997,2024-09-14 05:00:00+00:00,0.0,0.0672869,stgcn,22
49979,2024-09-13 11:00:00+00:00,50003,2024-09-14 11:00:00+00:00,0.0,0.053012967,stgcn,22
49985,2024-09-13 17:00:00+00:00,50009,2024-09-14 17:00:00+00:00,0.0,0.0076894183,stgcn,22
49991,2024-09-13 23:00:00+00:00,50015,2024-09-14 23:00:00+00:00,0.0,0.0040913,stgcn,22
49997,2024-09-14 05:00:00+00:00,50021,2024-09-15 05:00:00+00:00,0.0,-0.010182927,stgcn,22
50003,2024-09-14 11:00:00+00:00,50027,2024-09-15 11:00:00+00:00,0.0,-0.010182927,stgcn,22
50009,2024-09-14 17:00:00+00:00,50033,2024-09-15 17:00:00+00:00,0.0,-0.010182927,stgcn,22
50015,2024-09-14 23:00:00+00:00,50039,2024-09-15 23:00:00+00:00,0.0,-0.010182927,stgcn,22
50021,2024-09-15 05:00:00+00:00,50045,2024-09-16 05:00:00+00:00,-1.8954334,-0.014870608,stgcn,22
50027,2024-09-15 11:00:00+00:00,50051,2024-09-16 11:00:00+00:00,-1.8954334,-0.02101153,stgcn,22
50033,2024-09-15 17:00:00+00:00,50057,2024-09-16 17:00:00+00:00,-1.8954334,-0.030748056,stgcn,22
50039,2024-09-15 23:00:00+00:00,50063,2024-09-16 23:00:00+00:00,-1.8954334,-0.021128362,stgcn,22
50045,2024-09-16 05:00:00+00:00,50069,2024-09-17 05:00:00+00:00,1.1057148,-0.014742751,stgcn,22
50051,2024-09-16 11:00:00+00:00,50075,2024-09-17 11:00:00+00:00,1.1057148,-0.016736578,stgcn,22
50057,2024-09-16 17:00:00+00:00,50081,2024-09-17 17:00:00+00:00,1.1057148,-2.7846545e-05,stgcn,22
50063,2024-09-16 23:00:00+00:00,50087,2024-09-17 23:00:00+00:00,1.1057148,0.037387483,stgcn,22
50069,2024-09-17 05:00:00+00:00,50093,2024-09-18 05:00:00+00:00,-1.551542,0.55962425,stgcn,22
50075,2024-09-17 11:00:00+00:00,50099,2024-09-18 11:00:00+00:00,-1.551542,0.91441286,stgcn,22
50081,2024-09-17 17:00:00+00:00,50105,2024-09-18 17:00:00+00:00,-1.551542,0.75220394,stgcn,22
50087,2024-09-17 23:00:00+00:00,50111,2024-09-18 23:00:00+00:00,-1.551542,0.47097898,stgcn,22
50093,2024-09-18 05:00:00+00:00,50117,2024-09-19 05:00:00+00:00,0.18009448,-0.0042373426,stgcn,22
50099,2024-09-18 11:00:00+00:00,50123,2024-09-19 11:00:00+00:00,0.18009448,-0.35994065,stgcn,22
50105,2024-09-18 17:00:00+00:00,50129,2024-09-19 17:00:00+00:00,0.18009448,-0.49244317,stgcn,22
50111,2024-09-18 23:00:00+00:00,50135,2024-09-19 23:00:00+00:00,0.18009448,-0.21820161,stgcn,22
50117,2024-09-19 05:00:00+00:00,50141,2024-09-20 05:00:00+00:00,1.0995072,-0.105886556,stgcn,22
50123,2024-09-19 11:00:00+00:00,50147,2024-09-20 11:00:00+00:00,1.0995072,-0.044132464,stgcn,22
50129,2024-09-19 17:00:00+00:00,50153,2024-09-20 17:00:00+00:00,1.0995072,-0.025160506,stgcn,22
50135,2024-09-19 23:00:00+00:00,50159,2024-09-20 23:00:00+00:00,1.0995072,-0.01666357,stgcn,22
50141,2024-09-20 05:00:00+00:00,50165,2024-09-21 05:00:00+00:00,0.0,-0.01427805,stgcn,22
50147,2024-09-20 11:00:00+00:00,50171,2024-09-21 11:00:00+00:00,0.0,-0.015137406,stgcn,22
50153,2024-09-20 17:00:00+00:00,50177,2024-09-21 17:00:00+00:00,0.0,-0.013037223,stgcn,22
50159,2024-09-20 23:00:00+00:00,50183,2024-09-21 23:00:00+00:00,0.0,0.008876765,stgcn,22
50165,2024-09-21 05:00:00+00:00,50189,2024-09-22 05:00:00+00:00,0.0,0.15852603,stgcn,22
50171,2024-09-21 11:00:00+00:00,50195,2024-09-22 11:00:00+00:00,0.0,0.21999781,stgcn,22
50177,2024-09-21 17:00:00+00:00,50201,2024-09-22 17:00:00+00:00,0.0,0.0975578,stgcn,22
50183,2024-09-21 23:00:00+00:00,50207,2024-09-22 23:00:00+00:00,0.0,0.01181809,stgcn,22
50189,2024-09-22 05:00:00+00:00,50213,2024-09-23 05:00:00+00:00,0.39003873,-0.10888403,stgcn,22
50195,2024-09-22 11:00:00+00:00,50219,2024-09-23 11:00:00+00:00,0.39003873,-0.10767196,stgcn,22
50201,2024-09-22 17:00:00+00:00,50225,2024-09-23 17:00:00+00:00,0.39003873,-0.18025184,stgcn,22
50207,2024-09-22 23:00:00+00:00,50231,2024-09-23 23:00:00+00:00,0.39003873,-0.1638287,stgcn,22
50213,2024-09-23 05:00:00+00:00,50237,2024-09-24 05:00:00+00:00,-0.9546977,-0.14110184,stgcn,22
50219,2024-09-23 11:00:00+00:00,50243,2024-09-24 11:00:00+00:00,-0.9546977,-0.058876917,stgcn,22
50225,2024-09-23 17:00:00+00:00,50249,2024-09-24 17:00:00+00:00,-0.9546977,-0.0024178382,stgcn,22
50231,2024-09-23 23:00:00+00:00,50255,2024-09-24 23:00:00+00:00,-0.9546977,0.00523456,stgcn,22
50237,2024-09-24 05:00:00+00:00,50261,2024-09-25 05:00:00+00:00,0.20778416,0.029367285,stgcn,22
50243,2024-09-24 11:00:00+00:00,50267,2024-09-25 11:00:00+00:00,0.20778416,0.2818007,stgcn,22
50249,2024-09-24 17:00:00+00:00,50273,2024-09-25 17:00:00+00:00,0.20778416,0.3451345,stgcn,22
50255,2024-09-24 23:00:00+00:00,50279,2024-09-25 23:00:00+00:00,0.20778416,0.30882794,stgcn,22
50261,2024-09-25 05:00:00+00:00,50285,2024-09-26 05:00:00+00:00,-0.141935,0.21302383,stgcn,22
50267,2024-09-25 11:00:00+00:00,50291,2024-09-26 11:00:00+00:00,-0.141935,0.06827897,stgcn,22
50273,2024-09-25 17:00:00+00:00,50297,2024-09-26 17:00:00+00:00,-0.141935,0.05261536,stgcn,22
50279,2024-09-25 23:00:00+00:00,50303,2024-09-26 23:00:00+00:00,-0.141935,-0.008086818,stgcn,22
50285,2024-09-26 05:00:00+00:00,50309,2024-09-27 05:00:00+00:00,0.6293202,-0.2681317,stgcn,22
50291,2024-09-26 11:00:00+00:00,50315,2024-09-27 11:00:00+00:00,0.6293202,-0.30814883,stgcn,22
50297,2024-09-26 17:00:00+00:00,50321,2024-09-27 17:00:00+00:00,0.6293202,-0.27902347,stgcn,22
50303,2024-09-26 23:00:00+00:00,50327,2024-09-27 23:00:00+00:00,0.6293202,-0.1260899,stgcn,22
50309,2024-09-27 05:00:00+00:00,50333,2024-09-28 05:00:00+00:00,0.0,-0.069963485,stgcn,22
50315,2024-09-27 11:00:00+00:00,50339,2024-09-28 11:00:00+00:00,0.0,-0.10354819,stgcn,22
50321,2024-09-27 17:00:00+00:00,50345,2024-09-28 17:00:00+00:00,0.0,-0.0927256,stgcn,22
50327,2024-09-27 23:00:00+00:00,50351,2024-09-28 23:00:00+00:00,0.0,-0.039633986,stgcn,22
50333,2024-09-28 05:00:00+00:00,50357,2024-09-29 05:00:00+00:00,0.0,-0.033369415,stgcn,22
50339,2024-09-28 11:00:00+00:00,50363,2024-09-29 11:00:00+00:00,0.0,-0.018853685,stgcn,22
50345,2024-09-28 17:00:00+00:00,50369,2024-09-29 17:00:00+00:00,0.0,-0.019116458,stgcn,22
50351,2024-09-28 23:00:00+00:00,50375,2024-09-29 23:00:00+00:00,0.0,-0.019713027,stgcn,22
50357,2024-09-29 05:00:00+00:00,50381,2024-09-30 05:00:00+00:00,-0.47593313,-0.025124248,stgcn,22
50363,2024-09-29 11:00:00+00:00,50387,2024-09-30 11:00:00+00:00,-0.47593313,-0.024938641,stgcn,22
50369,2024-09-29 17:00:00+00:00,50393,2024-09-30 17:00:00+00:00,-0.47593313,-0.032225035,stgcn,22
50375,2024-09-29 23:00:00+00:00,50399,2024-09-30 23:00:00+00:00,-0.47593313,-0.022702599,stgcn,22
50381,2024-09-30 05:00:00+00:00,50405,2024-10-01 05:00:00+00:00,-0.706627,0.024650881,stgcn,22
50387,2024-09-30 11:00:00+00:00,50411,2024-10-01 11:00:00+00:00,-0.706627,0.022542952,stgcn,22
50393,2024-09-30 17:00:00+00:00,50417,2024-10-01 17:00:00+00:00,-0.706627,0.017627878,stgcn,22
50399,2024-09-30 23:00:00+00:00,50423,2024-10-01 23:00:00+00:00,-0.706627,0.006283121,stgcn,22
50405,2024-10-01 05:00:00+00:00,50429,2024-10-02 05:00:00+00:00,-0.9074493,-0.0018913131,stgcn,22
50411,2024-10-01 11:00:00+00:00,50435,2024-10-02 11:00:00+00:00,-0.9074493,0.0052737053,stgcn,22
50417,2024-10-01 17:00:00+00:00,50441,2024-10-02 17:00:00+00:00,-0.9074493,0.003884457,stgcn,22
50423,2024-10-01 23:00:00+00:00,50447,2024-10-02 23:00:00+00:00,-0.9074493,-0.04500039,stgcn,22
50429,2024-10-02 05:00:00+00:00,50453,2024-10-03 05:00:00+00:00,1.4611443,-0.0051146913,stgcn,22
50435,2024-10-02 11:00:00+00:00,50459,2024-10-03 11:00:00+00:00,1.4611443,0.037512816,stgcn,22
50441,2024-10-02 17:00:00+00:00,50465,2024-10-03 17:00:00+00:00,1.4611443,0.11448094,stgcn,22
50447,2024-10-02 23:00:00+00:00,50471,2024-10-03 23:00:00+00:00,1.4611443,0.12427673,stgcn,22
50453,2024-10-03 05:00:00+00:00,50477,2024-10-04 05:00:00+00:00,-0.5070684,0.14178778,stgcn,22
50459,2024-10-03 11:00:00+00:00,50483,2024-10-04 11:00:00+00:00,-0.5070684,0.077281,stgcn,22
50465,2024-10-03 17:00:00+00:00,50489,2024-10-04 17:00:00+00:00,-0.5070684,0.044743612,stgcn,22
50471,2024-10-03 23:00:00+00:00,50495,2024-10-04 23:00:00+00:00,-0.5070684,0.021115066,stgcn,22
50477,2024-10-04 05:00:00+00:00,50501,2024-10-05 05:00:00+00:00,0.0,-0.013469295,stgcn,22
50483,2024-10-04 11:00:00+00:00,50507,2024-10-05 11:00:00+00:00,0.0,-0.01180896,stgcn,22
50489,2024-10-04 17:00:00+00:00,50513,2024-10-05 17:00:00+00:00,0.0,-0.010807596,stgcn,22
50495,2024-10-04 23:00:00+00:00,50519,2024-10-05 23:00:00+00:00,0.0,-0.010182927,stgcn,22
50501,2024-10-05 05:00:00+00:00,50525,2024-10-06 05:00:00+00:00,0.0,-0.010182927,stgcn,22
50507,2024-10-05 11:00:00+00:00,50531,2024-10-06 11:00:00+00:00,0.0,-0.014379327,stgcn,22
50513,2024-10-05 17:00:00+00:00,50537,2024-10-06 17:00:00+00:00,0.0,-0.019007731,stgcn,22
50519,2024-10-05 23:00:00+00:00,50543,2024-10-06 23:00:00+00:00,0.0,-0.019942297,stgcn,22
50525,2024-10-06 05:00:00+00:00,50549,2024-10-07 05:00:00+00:00,1.3445632,-0.02164114,stgcn,22
50531,2024-10-06 11:00:00+00:00,50555,2024-10-07 11:00:00+00:00,1.3445632,-0.025209166,stgcn,22
50537,2024-10-06 17:00:00+00:00,50561,2024-10-07 17:00:00+00:00,1.3445632,-0.028116655,stgcn,22
50543,2024-10-06 23:00:00+00:00,50567,2024-10-07 23:00:00+00:00,1.3445632,-0.018928666,stgcn,22
50549,2024-10-07 05:00:00+00:00,50573,2024-10-08 05:00:00+00:00,-0.17441827,-0.015389475,stgcn,22
50555,2024-10-07 11:00:00+00:00,50579,2024-10-08 11:00:00+00:00,-0.17441827,0.0067124814,stgcn,22
50561,2024-10-07 17:00:00+00:00,50585,2024-10-08 17:00:00+00:00,-0.17441827,0.08909498,stgcn,22
50567,2024-10-07 23:00:00+00:00,50591,2024-10-08 23:00:00+00:00,-0.17441827,0.16026708,stgcn,22
50573,2024-10-08 05:00:00+00:00,50597,2024-10-09 05:00:00+00:00,0.06943619,0.2613524,stgcn,22
50579,2024-10-08 11:00:00+00:00,50603,2024-10-09 11:00:00+00:00,0.06943619,0.30485,stgcn,22
50585,2024-10-08 17:00:00+00:00,50609,2024-10-09 17:00:00+00:00,0.06943619,0.20102613,stgcn,22
50591,2024-10-08 23:00:00+00:00,50615,2024-10-09 23:00:00+00:00,0.06943619,0.10358763,stgcn,22
50597,2024-10-09 05:00:00+00:00,50621,2024-10-10 05:00:00+00:00,-2.1855607,0.0575404,stgcn,22
50603,2024-10-09 11:00:00+00:00,50627,2024-10-10 11:00:00+00:00,-2.1855607,-0.0019786432,stgcn,22
50609,2024-10-09 17:00:00+00:00,50633,2024-10-10 17:00:00+00:00,-2.1855607,-0.028859247,stgcn,22
50615,2024-10-09 23:00:00+00:00,50639,2024-10-10 23:00:00+00:00,-2.1855607,-0.07793855,stgcn,22
50621,2024-10-10 05:00:00+00:00,50645,2024-10-11 05:00:00+00:00,1.775718,-0.07988093,stgcn,22
50627,2024-10-10 11:00:00+00:00,50651,2024-10-11 11:00:00+00:00,1.775718,-0.027429633,stgcn,22
50633,2024-10-10 17:00:00+00:00,50657,2024-10-11 17:00:00+00:00,1.775718,-0.02232947,stgcn,22
50639,2024-10-10 23:00:00+00:00,50663,2024-10-11 23:00:00+00:00,1.775718,-0.014347596,stgcn,22
50645,2024-10-11 05:00:00+00:00,50669,2024-10-12 05:00:00+00:00,0.0,-0.018492907,stgcn,22
50651,2024-10-11 11:00:00+00:00,50675,2024-10-12 11:00:00+00:00,0.0,-0.025896015,stgcn,22
50657,2024-10-11 17:00:00+00:00,50681,2024-10-12 17:00:00+00:00,0.0,-0.019378802,stgcn,22
50663,2024-10-11 23:00:00+00:00,50687,2024-10-12 23:00:00+00:00,0.0,-0.010182927,stgcn,22
50669,2024-10-12 05:00:00+00:00,50693,2024-10-13 05:00:00+00:00,0.0,0.056981258,stgcn,22
50675,2024-10-12 11:00:00+00:00,50699,2024-10-13 11:00:00+00:00,0.0,0.33750474,stgcn,22
50681,2024-10-12 17:00:00+00:00,50705,2024-10-13 17:00:00+00:00,0.0,0.34854826,stgcn,22
50687,2024-10-12 23:00:00+00:00,50711,2024-10-13 23:00:00+00:00,0.0,0.3066173,stgcn,22
50693,2024-10-13 05:00:00+00:00,50717,2024-10-14 05:00:00+00:00,-0.6750196,0.29890084,stgcn,22
50699,2024-10-13 11:00:00+00:00,50723,2024-10-14 11:00:00+00:00,-0.6750196,0.13264924,stgcn,22
50705,2024-10-13 17:00:00+00:00,50729,2024-10-14 17:00:00+00:00,-0.6750196,-0.00812095,stgcn,22
50711,2024-10-13 23:00:00+00:00,50735,2024-10-14 23:00:00+00:00,-0.6750196,-0.089317895,stgcn,22
50717,2024-10-14 05:00:00+00:00,50741,2024-10-15 05:00:00+00:00,0.29335797,-0.18191771,stgcn,22
50723,2024-10-14 11:00:00+00:00,50747,2024-10-15 11:00:00+00:00,0.29335797,-0.24980828,stgcn,22
50729,2024-10-14 17:00:00+00:00,50753,2024-10-15 17:00:00+00:00,0.29335797,-0.20617308,stgcn,22
50735,2024-10-14 23:00:00+00:00,50759,2024-10-15 23:00:00+00:00,0.29335797,-0.0707646,stgcn,22
50741,2024-10-15 05:00:00+00:00,50765,2024-10-16 05:00:00+00:00,0.93613195,-0.012140442,stgcn,22
50747,2024-10-15 11:00:00+00:00,50771,2024-10-16 11:00:00+00:00,0.93613195,0.22900432,stgcn,22
50753,2024-10-15 17:00:00+00:00,50777,2024-10-16 17:00:00+00:00,0.93613195,0.35437965,stgcn,22
50759,2024-10-15 23:00:00+00:00,50783,2024-10-16 23:00:00+00:00,0.93613195,0.39541134,stgcn,22
50765,2024-10-16 05:00:00+00:00,50789,2024-10-17 05:00:00+00:00,-0.7026285,0.36784175,stgcn,22
50771,2024-10-16 11:00:00+00:00,50795,2024-10-17 11:00:00+00:00,-0.7026285,0.30055845,stgcn,22
50777,2024-10-16 17:00:00+00:00,50801,2024-10-17 17:00:00+00:00,-0.7026285,0.12298712,stgcn,22
50783,2024-10-16 23:00:00+00:00,50807,2024-10-17 23:00:00+00:00,-0.7026285,-0.10591636,stgcn,22
50789,2024-10-17 05:00:00+00:00,50813,2024-10-18 05:00:00+00:00,-0.33313322,-0.38420114,stgcn,22
50795,2024-10-17 11:00:00+00:00,50819,2024-10-18 11:00:00+00:00,-0.33313322,-0.39318433,stgcn,22
50801,2024-10-17 17:00:00+00:00,50825,2024-10-18 17:00:00+00:00,-0.33313322,-0.24085261,stgcn,22
50807,2024-10-17 23:00:00+00:00,50831,2024-10-18 23:00:00+00:00,-0.33313322,-0.10066069,stgcn,22
50813,2024-10-18 05:00:00+00:00,50837,2024-10-19 05:00:00+00:00,0.0,-0.020722443,stgcn,22
50819,2024-10-18 11:00:00+00:00,50843,2024-10-19 11:00:00+00:00,0.0,0.005640937,stgcn,22
50825,2024-10-18 17:00:00+00:00,50849,2024-10-19 17:00:00+00:00,0.0,0.025075192,stgcn,22
50831,2024-10-18 23:00:00+00:00,50855,2024-10-19 23:00:00+00:00,0.0,0.061440706,stgcn,22
50837,2024-10-19 05:00:00+00:00,50861,2024-10-20 05:00:00+00:00,0.0,0.09012664,stgcn,22
50843,2024-10-19 11:00:00+00:00,50867,2024-10-20 11:00:00+00:00,0.0,0.079898246,stgcn,22
50849,2024-10-19 17:00:00+00:00,50873,2024-10-20 17:00:00+00:00,0.0,0.06357321,stgcn,22
50855,2024-10-19 23:00:00+00:00,50879,2024-10-20 23:00:00+00:00,0.0,0.05906672,stgcn,22
50861,2024-10-20 05:00:00+00:00,50885,2024-10-21 05:00:00+00:00,-0.026366264,0.007282242,stgcn,22
50867,2024-10-20 11:00:00+00:00,50891,2024-10-21 11:00:00+00:00,-0.026366264,0.008076396,stgcn,22
50873,2024-10-20 17:00:00+00:00,50897,2024-10-21 17:00:00+00:00,-0.026366264,-0.027288092,stgcn,22
50879,2024-10-20 23:00:00+00:00,50903,2024-10-21 23:00:00+00:00,-0.026366264,-0.01718735,stgcn,22
50885,2024-10-21 05:00:00+00:00,50909,2024-10-22 05:00:00+00:00,-0.9017763,-0.017715745,stgcn,22
50891,2024-10-21 11:00:00+00:00,50915,2024-10-22 11:00:00+00:00,-0.9017763,-0.017830431,stgcn,22
50897,2024-10-21 17:00:00+00:00,50921,2024-10-22 17:00:00+00:00,-0.9017763,-0.011750489,stgcn,22
50903,2024-10-21 23:00:00+00:00,50927,2024-10-22 23:00:00+00:00,-0.9017763,-0.006553918,stgcn,22
50909,2024-10-22 05:00:00+00:00,50933,2024-10-23 05:00:00+00:00,1.4922693,-0.016390102,stgcn,22
50915,2024-10-22 11:00:00+00:00,50939,2024-10-23 11:00:00+00:00,1.4922693,-0.056110173,stgcn,22
50921,2024-10-22 17:00:00+00:00,50945,2024-10-23 17:00:00+00:00,1.4922693,0.011288175,stgcn,22
50927,2024-10-22 23:00:00+00:00,50951,2024-10-23 23:00:00+00:00,1.4922693,0.051650316,stgcn,22
50933,2024-10-23 05:00:00+00:00,50957,2024-10-24 05:00:00+00:00,-0.15095624,0.74375063,stgcn,22
50939,2024-10-23 11:00:00+00:00,50963,2024-10-24 11:00:00+00:00,-0.15095624,1.2086905,stgcn,22
50945,2024-10-23 17:00:00+00:00,50969,2024-10-24 17:00:00+00:00,-0.15095624,1.2249101,stgcn,22
50951,2024-10-23 23:00:00+00:00,50975,2024-10-24 23:00:00+00:00,-0.15095624,0.8949257,stgcn,22
50957,2024-10-24 05:00:00+00:00,50981,2024-10-25 05:00:00+00:00,0.062376384,-0.35819757,stgcn,22
50963,2024-10-24 11:00:00+00:00,50987,2024-10-25 11:00:00+00:00,0.062376384,-0.809408,stgcn,22
50969,2024-10-24 17:00:00+00:00,50993,2024-10-25 17:00:00+00:00,0.062376384,-0.8298706,stgcn,22
50975,2024-10-24 23:00:00+00:00,50999,2024-10-25 23:00:00+00:00,0.062376384,-0.43742302,stgcn,22
50981,2024-10-25 05:00:00+00:00,51005,2024-10-26 05:00:00+00:00,0.0,-0.12600243,stgcn,22
50987,2024-10-25 11:00:00+00:00,51011,2024-10-26 11:00:00+00:00,0.0,-0.14205524,stgcn,22
50993,2024-10-25 17:00:00+00:00,51017,2024-10-26 17:00:00+00:00,0.0,-0.1114278,stgcn,22
50999,2024-10-25 23:00:00+00:00,51023,2024-10-26 23:00:00+00:00,0.0,-0.030752873,stgcn,22
51005,2024-10-26 05:00:00+00:00,51029,2024-10-27 05:00:00+00:00,0.0,0.058319733,stgcn,22
51011,2024-10-26 11:00:00+00:00,51035,2024-10-27 11:00:00+00:00,0.0,0.046137027,stgcn,22
51017,2024-10-26 17:00:00+00:00,51041,2024-10-27 17:00:00+00:00,0.0,0.030616721,stgcn,22
51023,2024-10-26 23:00:00+00:00,51047,2024-10-27 23:00:00+00:00,0.0,-0.008668401,stgcn,22
51029,2024-10-27 05:00:00+00:00,51053,2024-10-28 05:00:00+00:00,-0.08604372,-0.043643013,stgcn,22
51035,2024-10-27 11:00:00+00:00,51059,2024-10-28 11:00:00+00:00,-0.08604372,-0.09045514,stgcn,22
51041,2024-10-27 17:00:00+00:00,51065,2024-10-28 17:00:00+00:00,-0.08604372,-0.041580793,stgcn,22
51047,2024-10-27 23:00:00+00:00,51071,2024-10-28 23:00:00+00:00,-0.08604372,-0.02483367,stgcn,22
51053,2024-10-28 05:00:00+00:00,51077,2024-10-29 05:00:00+00:00,-1.5296193,0.30732402,stgcn,22
51059,2024-10-28 11:00:00+00:00,51083,2024-10-29 11:00:00+00:00,-1.5296193,0.18646502,stgcn,22
51065,2024-10-28 17:00:00+00:00,51089,2024-10-29 17:00:00+00:00,-1.5296193,0.145864,stgcn,22
51071,2024-10-28 23:00:00+00:00,51095,2024-10-29 23:00:00+00:00,-1.5296193,0.050160088,stgcn,22
51077,2024-10-29 05:00:00+00:00,51101,2024-10-30 05:00:00+00:00,0.84557515,-0.49364093,stgcn,22
51083,2024-10-29 11:00:00+00:00,51107,2024-10-30 11:00:00+00:00,0.84557515,-0.82793325,stgcn,22
51089,2024-10-29 17:00:00+00:00,51113,2024-10-30 17:00:00+00:00,0.84557515,-0.7011381,stgcn,22
51095,2024-10-29 23:00:00+00:00,51119,2024-10-30 23:00:00+00:00,0.84557515,-0.18766084,stgcn,22
51101,2024-10-30 05:00:00+00:00,51125,2024-10-31 05:00:00+00:00,-0.052682936,0.36340424,stgcn,22
51107,2024-10-30 11:00:00+00:00,51131,2024-10-31 11:00:00+00:00,-0.052682936,0.9114906,stgcn,22
51113,2024-10-30 17:00:00+00:00,51137,2024-10-31 17:00:00+00:00,-0.052682936,0.95898026,stgcn,22
51119,2024-10-30 23:00:00+00:00,51143,2024-10-31 23:00:00+00:00,-0.052682936,0.73895067,stgcn,22
51125,2024-10-31 05:00:00+00:00,51149,2024-11-01 05:00:00+00:00,1.8188264,-0.18229623,stgcn,22
51131,2024-10-31 11:00:00+00:00,51155,2024-11-01 11:00:00+00:00,1.8188264,-0.46808857,stgcn,22
51137,2024-10-31 17:00:00+00:00,51161,2024-11-01 17:00:00+00:00,1.8188264,-0.5224994,stgcn,22
51143,2024-10-31 23:00:00+00:00,51167,2024-11-01 23:00:00+00:00,1.8188264,-0.11441475,stgcn,22
51149,2024-11-01 05:00:00+00:00,51173,2024-11-02 05:00:00+00:00,0.0,-0.016969517,stgcn,22
51155,2024-11-01 11:00:00+00:00,51179,2024-11-02 11:00:00+00:00,0.0,-0.011178687,stgcn,22
51161,2024-11-01 17:00:00+00:00,51185,2024-11-02 17:00:00+00:00,0.0,-0.016456336,stgcn,22
51167,2024-11-01 23:00:00+00:00,51191,2024-11-02 23:00:00+00:00,0.0,0.008366367,stgcn,22
51173,2024-11-02 05:00:00+00:00,51197,2024-11-03 05:00:00+00:00,0.0,0.1503217,stgcn,22
51179,2024-11-02 11:00:00+00:00,51203,2024-11-03 11:00:00+00:00,0.0,0.14849883,stgcn,22
51185,2024-11-02 17:00:00+00:00,51209,2024-11-03 17:00:00+00:00,0.0,0.042771645,stgcn,22
51191,2024-11-02 23:00:00+00:00,51215,2024-11-03 23:00:00+00:00,0.0,-0.011663109,stgcn,22
51197,2024-11-03 05:00:00+00:00,51221,2024-11-04 05:00:00+00:00,-0.12870902,-0.07948319,stgcn,22
51203,2024-11-03 11:00:00+00:00,51227,2024-11-04 11:00:00+00:00,-0.12870902,-0.07487239,stgcn,22
51209,2024-11-03 17:00:00+00:00,51233,2024-11-04 17:00:00+00:00,-0.12870902,-0.10193355,stgcn,22
51215,2024-11-03 23:00:00+00:00,51239,2024-11-04 23:00:00+00:00,-0.12870902,-0.078070216,stgcn,22
51221,2024-11-04 05:00:00+00:00,51245,2024-11-05 05:00:00+00:00,-2.886628,-0.02962612,stgcn,22
51227,2024-11-04 11:00:00+00:00,51251,2024-11-05 11:00:00+00:00,-2.886628,0.0045277737,stgcn,22
51233,2024-11-04 17:00:00+00:00,51257,2024-11-05 17:00:00+00:00,-2.886628,0.020242458,stgcn,22
51239,2024-11-04 23:00:00+00:00,51263,2024-11-05 23:00:00+00:00,-2.886628,0.027962795,stgcn,22
51245,2024-11-05 05:00:00+00:00,51269,2024-11-06 05:00:00+00:00,-4.536478,0.054496765,stgcn,22
51251,2024-11-05 11:00:00+00:00,51275,2024-11-06 11:00:00+00:00,-4.536478,0.26284012,stgcn,22
51257,2024-11-05 17:00:00+00:00,51281,2024-11-06 17:00:00+00:00,-4.536478,0.30860597,stgcn,22
51263,2024-11-05 23:00:00+00:00,51287,2024-11-06 23:00:00+00:00,-4.536478,0.24946833,stgcn,22
51269,2024-11-06 05:00:00+00:00,51293,2024-11-07 05:00:00+00:00,6.5498433,0.1898593,stgcn,22
51275,2024-11-06 11:00:00+00:00,51299,2024-11-07 11:00:00+00:00,6.5498433,0.22188956,stgcn,22
51281,2024-11-06 17:00:00+00:00,51305,2024-11-07 17:00:00+00:00,6.5498433,0.2135927,stgcn,22
51287,2024-11-06 23:00:00+00:00,51311,2024-11-07 23:00:00+00:00,6.5498433,0.20768583,stgcn,22
51293,2024-11-07 05:00:00+00:00,51317,2024-11-08 05:00:00+00:00,-0.31894162,-0.14469084,stgcn,22
51299,2024-11-07 11:00:00+00:00,51323,2024-11-08 11:00:00+00:00,-0.31894162,-0.16430926,stgcn,22
51305,2024-11-07 17:00:00+00:00,51329,2024-11-08 17:00:00+00:00,-0.31894162,-0.15550888,stgcn,22
51311,2024-11-07 23:00:00+00:00,51335,2024-11-08 23:00:00+00:00,-0.31894162,-0.050860457,stgcn,22
51317,2024-11-08 05:00:00+00:00,51341,2024-11-09 05:00:00+00:00,0.0,-0.009546498,stgcn,22
51323,2024-11-08 11:00:00+00:00,51347,2024-11-09 11:00:00+00:00,0.0,0.018064355,stgcn,22
51329,2024-11-08 17:00:00+00:00,51353,2024-11-09 17:00:00+00:00,0.0,0.012300367,stgcn,22
51335,2024-11-08 23:00:00+00:00,51359,2024-11-09 23:00:00+00:00,0.0,0.0018692818,stgcn,22
51341,2024-11-09 05:00:00+00:00,51365,2024-11-10 05:00:00+00:00,0.0,0.010220131,stgcn,22
51347,2024-11-09 11:00:00+00:00,51371,2024-11-10 11:00:00+00:00,0.0,-0.01007266,stgcn,22
51353,2024-11-09 17:00:00+00:00,51377,2024-11-10 17:00:00+00:00,0.0,0.117220014,stgcn,22
51359,2024-11-09 23:00:00+00:00,51383,2024-11-10 23:00:00+00:00,0.0,0.42097273,stgcn,22
51365,2024-11-10 05:00:00+00:00,51389,2024-11-11 05:00:00+00:00,0.75317526,1.1741886,stgcn,22
51371,2024-11-10 11:00:00+00:00,51395,2024-11-11 11:00:00+00:00,0.75317526,1.4290663,stgcn,22
51377,2024-11-10 17:00:00+00:00,51401,2024-11-11 17:00:00+00:00,0.75317526,1.1380309,stgcn,22
51383,2024-11-10 23:00:00+00:00,51407,2024-11-11 23:00:00+00:00,0.75317526,0.44011202,stgcn,22
51389,2024-11-11 05:00:00+00:00,51413,2024-11-12 05:00:00+00:00,-2.3383732,-1.4127042,stgcn,22
51395,2024-11-11 11:00:00+00:00,51419,2024-11-12 11:00:00+00:00,-2.3383732,-1.1973119,stgcn,22
51401,2024-11-11 17:00:00+00:00,51425,2024-11-12 17:00:00+00:00,-2.3383732,-1.1309363,stgcn,22
51407,2024-11-11 23:00:00+00:00,51431,2024-11-12 23:00:00+00:00,-2.3383732,-0.4520577,stgcn,22
51413,2024-11-12 05:00:00+00:00,51437,2024-11-13 05:00:00+00:00,1.8984264,-0.27500346,stgcn,22
51419,2024-11-12 11:00:00+00:00,51443,2024-11-13 11:00:00+00:00,1.8984264,-0.3895001,stgcn,22
51425,2024-11-12 17:00:00+00:00,51449,2024-11-13 17:00:00+00:00,1.8984264,0.032664083,stgcn,22
51431,2024-11-12 23:00:00+00:00,51455,2024-11-13 23:00:00+00:00,1.8984264,0.052668996,stgcn,22
51437,2024-11-13 05:00:00+00:00,51461,2024-11-14 05:00:00+00:00,1.1256412,0.68525934,stgcn,22
51443,2024-11-13 11:00:00+00:00,51467,2024-11-14 11:00:00+00:00,1.1256412,0.94231737,stgcn,22
51449,2024-11-13 17:00:00+00:00,51473,2024-11-14 17:00:00+00:00,1.1256412,0.79107416,stgcn,22
51455,2024-11-13 23:00:00+00:00,51479,2024-11-14 23:00:00+00:00,1.1256412,0.5963419,stgcn,22
51461,2024-11-14 05:00:00+00:00,51485,2024-11-15 05:00:00+00:00,0.27995634,-0.62231797,stgcn,22
51467,2024-11-14 11:00:00+00:00,51491,2024-11-15 11:00:00+00:00,0.27995634,-0.83093506,stgcn,22
51473,2024-11-14 17:00:00+00:00,51497,2024-11-15 17:00:00+00:00,0.27995634,-0.87663895,stgcn,22
51479,2024-11-14 23:00:00+00:00,51503,2024-11-15 23:00:00+00:00,0.27995634,-0.24673566,stgcn,22
51485,2024-11-15 05:00:00+00:00,51509,2024-11-16 05:00:00+00:00,0.0,-0.0028922,stgcn,22
51491,2024-11-15 11:00:00+00:00,51515,2024-11-16 11:00:00+00:00,0.0,0.04807294,stgcn,22
51497,2024-11-15 17:00:00+00:00,51521,2024-11-16 17:00:00+00:00,0.0,0.049636006,stgcn,22
51503,2024-11-15 23:00:00+00:00,51527,2024-11-16 23:00:00+00:00,0.0,0.048921958,stgcn,22
51509,2024-11-16 05:00:00+00:00,51533,2024-11-17 05:00:00+00:00,0.0,-0.037755366,stgcn,22
51515,2024-11-16 11:00:00+00:00,51539,2024-11-17 11:00:00+00:00,0.0,-0.045049734,stgcn,22
51521,2024-11-16 17:00:00+00:00,51545,2024-11-17 17:00:00+00:00,0.0,-0.06623107,stgcn,22
51527,2024-11-16 23:00:00+00:00,51551,2024-11-17 23:00:00+00:00,0.0,-0.05507587,stgcn,22
51533,2024-11-17 05:00:00+00:00,51557,2024-11-18 05:00:00+00:00,-3.0278692,-0.051241755,stgcn,22
51539,2024-11-17 11:00:00+00:00,51563,2024-11-18 11:00:00+00:00,-3.0278692,-0.044972368,stgcn,22
51545,2024-11-17 17:00:00+00:00,51569,2024-11-18 17:00:00+00:00,-3.0278692,-0.038663927,stgcn,22
51551,2024-11-17 23:00:00+00:00,51575,2024-11-18 23:00:00+00:00,-3.0278692,-0.01772014,stgcn,22
51557,2024-11-18 05:00:00+00:00,51581,2024-11-19 05:00:00+00:00,0.9532605,-0.0071461983,stgcn,22
51563,2024-11-18 11:00:00+00:00,51587,2024-11-19 11:00:00+00:00,0.9532605,0.11026776,stgcn,22
51569,2024-11-18 17:00:00+00:00,51593,2024-11-19 17:00:00+00:00,0.9532605,0.23259825,stgcn,22
51575,2024-11-18 23:00:00+00:00,51599,2024-11-19 23:00:00+00:00,0.9532605,0.32048887,stgcn,22
51581,2024-11-19 05:00:00+00:00,51605,2024-11-20 05:00:00+00:00,0.70527714,0.4606222,stgcn,22
51587,2024-11-19 11:00:00+00:00,51611,2024-11-20 11:00:00+00:00,0.70527714,0.55048,stgcn,22
51593,2024-11-19 17:00:00+00:00,51617,2024-11-20 17:00:00+00:00,0.70527714,0.4401229,stgcn,22
51599,2024-11-19 23:00:00+00:00,51623,2024-11-20 23:00:00+00:00,0.70527714,0.2945197,stgcn,22
51605,2024-11-20 05:00:00+00:00,51629,2024-11-21 05:00:00+00:00,-0.6693689,-0.23214135,stgcn,22
51611,2024-11-20 11:00:00+00:00,51635,2024-11-21 11:00:00+00:00,-0.6693689,-0.36119935,stgcn,22
51617,2024-11-20 17:00:00+00:00,51641,2024-11-21 17:00:00+00:00,-0.6693689,-0.3885299,stgcn,22
51623,2024-11-20 23:00:00+00:00,51647,2024-11-21 23:00:00+00:00,-0.6693689,-0.08721218,stgcn,22
51629,2024-11-21 05:00:00+00:00,51653,2024-11-22 05:00:00+00:00,1.8216684,-0.020995012,stgcn,22
51635,2024-11-21 11:00:00+00:00,51659,2024-11-22 11:00:00+00:00,1.8216684,-0.0021527726,stgcn,22
51641,2024-11-21 17:00:00+00:00,51665,2024-11-22 17:00:00+00:00,1.8216684,-0.008187794,stgcn,22
51647,2024-11-21 23:00:00+00:00,51671,2024-11-22 23:00:00+00:00,1.8216684,-0.009416266,stgcn,22
51653,2024-11-22 05:00:00+00:00,51677,2024-11-23 05:00:00+00:00,0.0,-0.017012939,stgcn,22
51659,2024-11-22 11:00:00+00:00,51683,2024-11-23 11:00:00+00:00,0.0,-0.10299646,stgcn,22
51665,2024-11-22 17:00:00+00:00,51689,2024-11-23 17:00:00+00:00,0.0,-0.0043727774,stgcn,22
51671,2024-11-22 23:00:00+00:00,51695,2024-11-23 23:00:00+00:00,0.0,0.018273702,stgcn,22
51677,2024-11-23 05:00:00+00:00,51701,2024-11-24 05:00:00+00:00,0.0,0.4649206,stgcn,22
51683,2024-11-23 11:00:00+00:00,51707,2024-11-24 11:00:00+00:00,0.0,0.7187229,stgcn,22
51689,2024-11-23 17:00:00+00:00,51713,2024-11-24 17:00:00+00:00,0.0,0.4591256,stgcn,22
51695,2024-11-23 23:00:00+00:00,51719,2024-11-24 23:00:00+00:00,0.0,0.19468483,stgcn,22
51701,2024-11-24 05:00:00+00:00,51725,2024-11-25 05:00:00+00:00,-0.48732013,-1.1431342,stgcn,22
51707,2024-11-24 11:00:00+00:00,51731,2024-11-25 11:00:00+00:00,-0.48732013,-0.84473264,stgcn,22
51713,2024-11-24 17:00:00+00:00,51737,2024-11-25 17:00:00+00:00,-0.48732013,-0.71982664,stgcn,22
51719,2024-11-24 23:00:00+00:00,51743,2024-11-25 23:00:00+00:00,-0.48732013,-0.13895248,stgcn,22
51725,2024-11-25 05:00:00+00:00,51749,2024-11-26 05:00:00+00:00,-2.1226225,-0.11606043,stgcn,22
51731,2024-11-25 11:00:00+00:00,51755,2024-11-26 11:00:00+00:00,-2.1226225,-0.21420056,stgcn,22
51737,2024-11-25 17:00:00+00:00,51761,2024-11-26 17:00:00+00:00,-2.1226225,-0.070201665,stgcn,22
51743,2024-11-25 23:00:00+00:00,51767,2024-11-26 23:00:00+00:00,-2.1226225,0.0043870695,stgcn,22
51749,2024-11-26 05:00:00+00:00,51773,2024-11-27 05:00:00+00:00,2.438902,0.26556477,stgcn,22
51755,2024-11-26 11:00:00+00:00,51779,2024-11-27 11:00:00+00:00,2.438902,0.65914804,stgcn,22
51761,2024-11-26 17:00:00+00:00,51785,2024-11-27 17:00:00+00:00,2.438902,0.7651228,stgcn,22
51767,2024-11-26 23:00:00+00:00,51791,2024-11-27 23:00:00+00:00,2.438902,0.5748992,stgcn,22
51773,2024-11-27 05:00:00+00:00,51797,2024-11-28 05:00:00+00:00,-0.41388518,-0.20068116,stgcn,22
51779,2024-11-27 11:00:00+00:00,51803,2024-11-28 11:00:00+00:00,-0.41388518,-0.18116972,stgcn,22
51785,2024-11-27 17:00:00+00:00,51809,2024-11-28 17:00:00+00:00,-0.41388518,-0.296406,stgcn,22
51791,2024-11-27 23:00:00+00:00,51815,2024-11-28 23:00:00+00:00,-0.41388518,-0.09127798,stgcn,22
51797,2024-11-28 05:00:00+00:00,51821,2024-11-29 05:00:00+00:00,-0.7785445,-0.23535788,stgcn,22
51803,2024-11-28 11:00:00+00:00,51827,2024-11-29 11:00:00+00:00,-0.7785445,-0.32281485,stgcn,22
51809,2024-11-28 17:00:00+00:00,51833,2024-11-29 17:00:00+00:00,-0.7785445,-0.17035007,stgcn,22
51815,2024-11-28 23:00:00+00:00,51839,2024-11-29 23:00:00+00:00,-0.7785445,-0.08187386,stgcn,22
51821,2024-11-29 05:00:00+00:00,51845,2024-11-30 05:00:00+00:00,0.0,-0.01317431,stgcn,22
51827,2024-11-29 11:00:00+00:00,51851,2024-11-30 11:00:00+00:00,0.0,-0.01426446,stgcn,22
51833,2024-11-29 17:00:00+00:00,51857,2024-11-30 17:00:00+00:00,0.0,-0.007871774,stgcn,22
51839,2024-11-29 23:00:00+00:00,51863,2024-11-30 23:00:00+00:00,0.0,-0.0073596034,stgcn,22
51845,2024-11-30 05:00:00+00:00,51869,2024-12-01 05:00:00+00:00,0.0,-0.029767342,stgcn,22
51851,2024-11-30 11:00:00+00:00,51875,2024-12-01 11:00:00+00:00,0.0,-0.11892319,stgcn,22
51857,2024-11-30 17:00:00+00:00,51881,2024-12-01 17:00:00+00:00,0.0,-0.010243856,stgcn,22
51863,2024-11-30 23:00:00+00:00,51887,2024-12-01 23:00:00+00:00,0.0,0.0878725,stgcn,22
51869,2024-12-01 05:00:00+00:00,51893,2024-12-02 05:00:00+00:00,-0.64728737,1.1176046,stgcn,22
51875,2024-12-01 11:00:00+00:00,51899,2024-12-02 11:00:00+00:00,-0.64728737,1.475727,stgcn,22
51881,2024-12-01 17:00:00+00:00,51905,2024-12-02 17:00:00+00:00,-0.64728737,1.1301655,stgcn,22
51887,2024-12-01 23:00:00+00:00,51911,2024-12-02 23:00:00+00:00,-0.64728737,0.46398228,stgcn,22
51893,2024-12-02 05:00:00+00:00,51917,2024-12-03 05:00:00+00:00,-0.18858051,-1.1398042,stgcn,22
51899,2024-12-02 11:00:00+00:00,51923,2024-12-03 11:00:00+00:00,-0.18858051,-1.2689135,stgcn,22
51905,2024-12-02 17:00:00+00:00,51929,2024-12-03 17:00:00+00:00,-0.18858051,-1.0477079,stgcn,22
51911,2024-12-02 23:00:00+00:00,51935,2024-12-03 23:00:00+00:00,-0.18858051,-0.2507664,stgcn,22
51917,2024-12-03 05:00:00+00:00,51941,2024-12-04 05:00:00+00:00,-1.6017627,-0.021870764,stgcn,22
51923,2024-12-03 11:00:00+00:00,51947,2024-12-04 11:00:00+00:00,-1.6017627,0.12312785,stgcn,22
51929,2024-12-03 17:00:00+00:00,51953,2024-12-04 17:00:00+00:00,-1.6017627,0.20965011,stgcn,22
51935,2024-12-03 23:00:00+00:00,51959,2024-12-04 23:00:00+00:00,-1.6017627,0.3798746,stgcn,22
51941,2024-12-04 05:00:00+00:00,51965,2024-12-05 05:00:00+00:00,2.6241894,0.78106296,stgcn,22
51947,2024-12-04 11:00:00+00:00,51971,2024-12-05 11:00:00+00:00,2.6241894,1.0327309,stgcn,22
51953,2024-12-04 17:00:00+00:00,51977,2024-12-05 17:00:00+00:00,2.6241894,0.94434905,stgcn,22
51959,2024-12-04 23:00:00+00:00,51983,2024-12-05 23:00:00+00:00,2.6241894,0.48748288,stgcn,22
51965,2024-12-05 05:00:00+00:00,51989,2024-12-06 05:00:00+00:00,-0.08703698,-0.59999007,stgcn,22
51971,2024-12-05 11:00:00+00:00,51995,2024-12-06 11:00:00+00:00,-0.08703698,-0.8335098,stgcn,22
51977,2024-12-05 17:00:00+00:00,52001,2024-12-06 17:00:00+00:00,-0.08703698,-0.83554786,stgcn,22
51983,2024-12-05 23:00:00+00:00,52007,2024-12-06 23:00:00+00:00,-0.08703698,-0.29903665,stgcn,22
51989,2024-12-06 05:00:00+00:00,52013,2024-12-07 05:00:00+00:00,0.0,-0.13233681,stgcn,22
51995,2024-12-06 11:00:00+00:00,52019,2024-12-07 11:00:00+00:00,0.0,-0.27255362,stgcn,22
52001,2024-12-06 17:00:00+00:00,52025,2024-12-07 17:00:00+00:00,0.0,-0.20101169,stgcn,22
52007,2024-12-06 23:00:00+00:00,52031,2024-12-07 23:00:00+00:00,0.0,-0.064355396,stgcn,22
52013,2024-12-07 05:00:00+00:00,52037,2024-12-08 05:00:00+00:00,0.0,0.027299521,stgcn,22
52019,2024-12-07 11:00:00+00:00,52043,2024-12-08 11:00:00+00:00,0.0,0.09436669,stgcn,22
52025,2024-12-07 17:00:00+00:00,52049,2024-12-08 17:00:00+00:00,0.0,0.07830103,stgcn,22
52031,2024-12-07 23:00:00+00:00,52055,2024-12-08 23:00:00+00:00,0.0,0.023740558,stgcn,22
52037,2024-12-08 05:00:00+00:00,52061,2024-12-09 05:00:00+00:00,0.37141722,0.051146977,stgcn,22
52043,2024-12-08 11:00:00+00:00,52067,2024-12-09 11:00:00+00:00,0.37141722,0.16486993,stgcn,22
52049,2024-12-08 17:00:00+00:00,52073,2024-12-09 17:00:00+00:00,0.37141722,0.16903669,stgcn,22
52055,2024-12-08 23:00:00+00:00,52079,2024-12-09 23:00:00+00:00,0.37141722,0.07321196,stgcn,22
52061,2024-12-09 05:00:00+00:00,52085,2024-12-10 05:00:00+00:00,-0.7717545,-0.09178234,stgcn,22
52067,2024-12-09 11:00:00+00:00,52091,2024-12-10 11:00:00+00:00,-0.7717545,-0.056778923,stgcn,22
52073,2024-12-09 17:00:00+00:00,52097,2024-12-10 17:00:00+00:00,-0.7717545,-0.0030846223,stgcn,22
52079,2024-12-09 23:00:00+00:00,52103,2024-12-10 23:00:00+00:00,-0.7717545,-0.00030802377,stgcn,22
52085,2024-12-10 05:00:00+00:00,52109,2024-12-11 05:00:00+00:00,-0.7285571,-0.020056875,stgcn,22
52091,2024-12-10 11:00:00+00:00,52115,2024-12-11 11:00:00+00:00,-0.7285571,-0.03696961,stgcn,22
52097,2024-12-10 17:00:00+00:00,52121,2024-12-11 17:00:00+00:00,-0.7285571,-0.0015029665,stgcn,22
52103,2024-12-10 23:00:00+00:00,52127,2024-12-11 23:00:00+00:00,-0.7285571,0.038253866,stgcn,22
52109,2024-12-11 05:00:00+00:00,52133,2024-12-12 05:00:00+00:00,1.055175,0.16712363,stgcn,22
52115,2024-12-11 11:00:00+00:00,52139,2024-12-12 11:00:00+00:00,1.055175,0.19451565,stgcn,22
52121,2024-12-11 17:00:00+00:00,52145,2024-12-12 17:00:00+00:00,1.055175,0.13564155,stgcn,22
52127,2024-12-11 23:00:00+00:00,52151,2024-12-12 23:00:00+00:00,1.055175,0.13277301,stgcn,22
52133,2024-12-12 05:00:00+00:00,52157,2024-12-13 05:00:00+00:00,-0.88474584,0.041376032,stgcn,22
52139,2024-12-12 11:00:00+00:00,52163,2024-12-13 11:00:00+00:00,-0.88474584,0.008813782,stgcn,22
52145,2024-12-12 17:00:00+00:00,52169,2024-12-13 17:00:00+00:00,-0.88474584,-0.007071955,stgcn,22
52151,2024-12-12 23:00:00+00:00,52175,2024-12-13 23:00:00+00:00,-0.88474584,-0.010182927,stgcn,22
52157,2024-12-13 05:00:00+00:00,52181,2024-12-14 05:00:00+00:00,0.0,-0.010182927,stgcn,22
52163,2024-12-13 11:00:00+00:00,52187,2024-12-14 11:00:00+00:00,0.0,-0.009539658,stgcn,22
52169,2024-12-13 17:00:00+00:00,52193,2024-12-14 17:00:00+00:00,0.0,-0.0077313837,stgcn,22
52175,2024-12-13 23:00:00+00:00,52199,2024-12-14 23:00:00+00:00,0.0,-0.008920376,stgcn,22
52181,2024-12-14 05:00:00+00:00,52205,2024-12-15 05:00:00+00:00,0.0,-0.009097356,stgcn,22
52187,2024-12-14 11:00:00+00:00,52211,2024-12-15 11:00:00+00:00,0.0,-0.006111145,stgcn,22
52193,2024-12-14 17:00:00+00:00,52217,2024-12-15 17:00:00+00:00,0.0,-0.00912163,stgcn,22
52199,2024-12-14 23:00:00+00:00,52223,2024-12-15 23:00:00+00:00,0.0,-0.020683184,stgcn,22
52205,2024-12-15 05:00:00+00:00,52229,2024-12-16 05:00:00+00:00,0.8357017,0.014080821,stgcn,22
52211,2024-12-15 11:00:00+00:00,52235,2024-12-16 11:00:00+00:00,0.8357017,0.17386594,stgcn,22
52217,2024-12-15 17:00:00+00:00,52241,2024-12-16 17:00:00+00:00,0.8357017,0.097757176,stgcn,22
52223,2024-12-15 23:00:00+00:00,52247,2024-12-16 23:00:00+00:00,0.8357017,0.043999918,stgcn,22
52229,2024-12-16 05:00:00+00:00,52253,2024-12-17 05:00:00+00:00,-0.16757223,-0.55010533,stgcn,22
52235,2024-12-16 11:00:00+00:00,52259,2024-12-17 11:00:00+00:00,-0.16757223,-0.11297537,stgcn,22
52241,2024-12-16 17:00:00+00:00,52265,2024-12-17 17:00:00+00:00,-0.16757223,0.0065345205,stgcn,22
52247,2024-12-16 23:00:00+00:00,52271,2024-12-17 23:00:00+00:00,-0.16757223,0.029977692,stgcn,22
52253,2024-12-17 05:00:00+00:00,52277,2024-12-18 05:00:00+00:00,0.57385397,-0.046604373,stgcn,22
52259,2024-12-17 11:00:00+00:00,52283,2024-12-18 11:00:00+00:00,0.57385397,-0.07811218,stgcn,22
52265,2024-12-17 17:00:00+00:00,52289,2024-12-18 17:00:00+00:00,0.57385397,-0.0608019,stgcn,22
52271,2024-12-17 23:00:00+00:00,52295,2024-12-18 23:00:00+00:00,0.57385397,-0.029427975,stgcn,22
52277,2024-12-18 05:00:00+00:00,52301,2024-12-19 05:00:00+00:00,-1.3746544,-0.025327692,stgcn,22
52283,2024-12-18 11:00:00+00:00,52307,2024-12-19 11:00:00+00:00,-1.3746544,-0.0120143555,stgcn,22
52289,2024-12-18 17:00:00+00:00,52313,2024-12-19 17:00:00+00:00,-1.3746544,-0.014674514,stgcn,22
52295,2024-12-18 23:00:00+00:00,52319,2024-12-19 23:00:00+00:00,-1.3746544,0.01770497,stgcn,22
52301,2024-12-19 05:00:00+00:00,52325,2024-12-20 05:00:00+00:00,0.62784475,-0.059265703,stgcn,22
52307,2024-12-19 11:00:00+00:00,52331,2024-12-20 11:00:00+00:00,0.62784475,-0.04001631,stgcn,22
52313,2024-12-19 17:00:00+00:00,52337,2024-12-20 17:00:00+00:00,0.62784475,-0.023663588,stgcn,22
52319,2024-12-19 23:00:00+00:00,52343,2024-12-20 23:00:00+00:00,0.62784475,-0.010182927,stgcn,22
52325,2024-12-20 05:00:00+00:00,52349,2024-12-21 05:00:00+00:00,0.0,-0.012717687,stgcn,22
52331,2024-12-20 11:00:00+00:00,52355,2024-12-21 11:00:00+00:00,0.0,-0.0130788265,stgcn,22
52337,2024-12-20 17:00:00+00:00,52361,2024-12-21 17:00:00+00:00,0.0,-0.0005981531,stgcn,22
52343,2024-12-20 23:00:00+00:00,52367,2024-12-21 23:00:00+00:00,0.0,0.038488254,stgcn,22
52349,2024-12-21 05:00:00+00:00,52373,2024-12-22 05:00:00+00:00,0.0,0.09291163,stgcn,22
52355,2024-12-21 11:00:00+00:00,52379,2024-12-22 11:00:00+00:00,0.0,0.12066139,stgcn,22
52361,2024-12-21 17:00:00+00:00,52385,2024-12-22 17:00:00+00:00,0.0,0.11397134,stgcn,22
52367,2024-12-21 23:00:00+00:00,52391,2024-12-22 23:00:00+00:00,0.0,0.03795114,stgcn,22
52373,2024-12-22 05:00:00+00:00,52397,2024-12-23 05:00:00+00:00,1.5712032,-0.009335724,stgcn,22
52379,2024-12-22 11:00:00+00:00,52403,2024-12-23 11:00:00+00:00,1.5712032,-0.052216046,stgcn,22
52385,2024-12-22 17:00:00+00:00,52409,2024-12-23 17:00:00+00:00,1.5712032,-0.063890986,stgcn,22
52391,2024-12-22 23:00:00+00:00,52415,2024-12-23 23:00:00+00:00,1.5712032,-0.08522364,stgcn,22
52397,2024-12-23 05:00:00+00:00,52421,2024-12-24 05:00:00+00:00,0.0,-0.09133856,stgcn,22
52403,2024-12-23 11:00:00+00:00,52427,2024-12-24 11:00:00+00:00,0.0,-0.113056324,stgcn,22
52409,2024-12-23 17:00:00+00:00,52433,2024-12-24 17:00:00+00:00,0.0,-0.056686483,stgcn,22
52415,2024-12-23 23:00:00+00:00,52439,2024-12-24 23:00:00+00:00,0.0,-0.023993889,stgcn,22
52421,2024-12-24 05:00:00+00:00,52445,2024-12-25 05:00:00+00:00,0.0,0.13412708,stgcn,22
52427,2024-12-24 11:00:00+00:00,52451,2024-12-25 11:00:00+00:00,0.0,0.49486652,stgcn,22
52433,2024-12-24 17:00:00+00:00,52457,2024-12-25 17:00:00+00:00,0.0,0.5983482,stgcn,22
52439,2024-12-24 23:00:00+00:00,52463,2024-12-25 23:00:00+00:00,0.0,0.5336421,stgcn,22
52445,2024-12-25 05:00:00+00:00,52469,2024-12-26 05:00:00+00:00,0.0,0.30074653,stgcn,22
52451,2024-12-25 11:00:00+00:00,52475,2024-12-26 11:00:00+00:00,0.0,0.2029275,stgcn,22
52457,2024-12-25 17:00:00+00:00,52481,2024-12-26 17:00:00+00:00,0.0,0.051222116,stgcn,22
52463,2024-12-25 23:00:00+00:00,52487,2024-12-26 23:00:00+00:00,0.0,-0.12968574,stgcn,22
52469,2024-12-26 05:00:00+00:00,52493,2024-12-27 05:00:00+00:00,-1.3917162,-0.24971208,stgcn,22
52475,2024-12-26 11:00:00+00:00,52499,2024-12-27 11:00:00+00:00,-1.3917162,-0.29330507,stgcn,22
52481,2024-12-26 17:00:00+00:00,52505,2024-12-27 17:00:00+00:00,-1.3917162,-0.21263875,stgcn,22
52487,2024-12-26 23:00:00+00:00,52511,2024-12-27 23:00:00+00:00,-1.3917162,-0.09548731,stgcn,22
52493,2024-12-27 05:00:00+00:00,52517,2024-12-28 05:00:00+00:00,0.0,-0.031675745,stgcn,22
52499,2024-12-27 11:00:00+00:00,52523,2024-12-28 11:00:00+00:00,0.0,-0.010543168,stgcn,22
52505,2024-12-27 17:00:00+00:00,52529,2024-12-28 17:00:00+00:00,0.0,0.07761731,stgcn,22
52511,2024-12-27 23:00:00+00:00,52535,2024-12-28 23:00:00+00:00,0.0,0.19107734,stgcn,22
52517,2024-12-28 05:00:00+00:00,52541,2024-12-29 05:00:00+00:00,0.0,0.23699263,stgcn,22
52523,2024-12-28 11:00:00+00:00,52547,2024-12-29 11:00:00+00:00,0.0,0.24736655,stgcn,22
52529,2024-12-28 17:00:00+00:00,52553,2024-12-29 17:00:00+00:00,0.0,0.12183389,stgcn,22
52535,2024-12-28 23:00:00+00:00,52559,2024-12-29 23:00:00+00:00,0.0,0.061396524,stgcn,22
52541,2024-12-29 05:00:00+00:00,52565,2024-12-30 05:00:00+00:00,-0.115379184,0.023723925,stgcn,22
52547,2024-12-29 11:00:00+00:00,52571,2024-12-30 11:00:00+00:00,-0.115379184,0.011208324,stgcn,22
52553,2024-12-29 17:00:00+00:00,52577,2024-12-30 17:00:00+00:00,-0.115379184,-0.012422468,stgcn,22
52559,2024-12-29 23:00:00+00:00,52583,2024-12-30 23:00:00+00:00,-0.115379184,-0.023147073,stgcn,22
