model,target_time,n_names,ic,rankic,directional_accuracy,gross_return,net_return,turnover,gross_exposure,net_exposure,max_group_net_exposure
rolling_momentum_21d,2023-01-02 23:00:00+00:00,70,-0.20240186185280892,-0.07154292313215001,0.45714285714285713,-0.0055866808737112745,-0.0065866808737112745,1.0,1.0,0.0,
rolling_momentum_21d,2023-01-03 23:00:00+00:00,70,-0.26146833702890293,-0.2677829392363796,0.38571428571428573,-0.010087671032696631,-0.010087671032696631,0.0,1.0,0.0,
rolling_momentum_21d,2023-01-04 23:00:00+00:00,70,-0.39374496587111835,-0.3344064386317907,0.34285714285714286,-0.025163152192931776,-0.025163152192931776,0.0,1.0,0.0,
rolling_momentum_21d,2023-01-05 23:00:00+00:00,70,-0.23552302173006942,-0.23656722946373893,0.37142857142857144,-0.013682794998665624,-0.013682794998665624,0.0,1.0,0.0,
rolling_momentum_21d,2023-01-06 23:00:00+00:00,70,-0.23004020386841478,-0.20577377307322192,0.3142857142857143,-0.016079720160375666,-0.016079720160375666,0.0,1.0,0.0,
rolling_momentum_21d,2023-01-09 23:00:00+00:00,70,-0.23188434230417773,-0.2031843233312921,0.35714285714285715,-0.02365613193644542,-0.02365613193644542,0.0,1.0,0.0,
rolling_momentum_21d,2023-01-10 23:00:00+00:00,70,-0.2805112902608936,-0.22096054588399963,0.37142857142857144,-0.02185581774754967,-0.021927246318978244,0.07142857142857142,1.0,0.0,
rolling_momentum_21d,2023-01-11 23:00:00+00:00,70,-0.03636082652624081,-0.11692765287376433,0.44285714285714284,-0.0019379327873344364,-0.002009361358763008,0.07142857142857142,1.0,0.0,
rolling_momentum_21d,2023-01-12 23:00:00+00:00,70,-0.10274166305345983,-0.12368121774122999,0.42857142857142855,-0.008056570493628104,-0.008270856207913818,0.21428571428571427,1.0,0.0,
rolling_momentum_21d,2023-01-13 23:00:00+00:00,70,-0.167094276237119,-0.22778409587962556,0.4,-0.010761868294749448,-0.01090472543760659,0.14285714285714285,1.0,0.0,
rolling_momentum_21d,2023-01-16 23:00:00+00:00,70,-0.05970578722994588,-0.15653923541247483,0.38571428571428573,-0.001927733887515818,-0.0021420196018015324,0.21428571428571427,1.0,0.0,
rolling_momentum_21d,2023-01-17 23:00:00+00:00,70,0.061078871804383955,-0.03070597498031668,0.4857142857142857,0.005879986712783418,0.005808558141354846,0.07142857142857142,1.0,0.0,
rolling_momentum_21d,2023-01-18 23:00:00+00:00,70,-0.19717651060590685,-0.24017146356399266,0.38571428571428573,-0.012693649619098357,-0.012765078190526928,0.07142857142857142,1.0,0.0,
rolling_momentum_21d,2023-01-19 23:00:00+00:00,70,-0.1990450627352583,-0.18932726795555946,0.4714285714285714,-0.011331195737918485,-0.011331195737918485,0.0,1.0,0.0,
rolling_momentum_21d,2023-01-20 23:00:00+00:00,70,-0.15726017745168586,-0.07469228145051318,0.5142857142857142,-0.0047125972348421785,-0.00478402580627075,0.07142857142857142,1.0,0.0,
rolling_momentum_21d,2023-01-23 23:00:00+00:00,70,-0.183031599532237,-0.05576065086169189,0.5142857142857142,-0.006499685261619743,-0.006571113833048314,0.07142857142857142,1.0,0.0,
rolling_momentum_21d,2023-01-24 23:00:00+00:00,70,-0.22577798948996577,-0.1632928002799405,0.38571428571428573,-0.011022645210598992,-0.011236930924884706,0.21428571428571427,1.0,0.0,
rolling_momentum_21d,2023-01-25 23:00:00+00:00,70,-0.19506026274054938,-0.2829323768699151,0.45714285714285713,-0.00927328770699226,-0.00927328770699226,0.0,1.0,0.0,
rolling_momentum_21d,2023-01-26 23:00:00+00:00,70,0.08241143466563342,0.14530662234275216,0.4714285714285714,0.0027318270262088394,0.0025175413119231252,0.21428571428571427,1.0,0.0,
rolling_momentum_21d,2023-01-27 23:00:00+00:00,70,0.1290596391373103,0.14915580439156678,0.4714285714285714,0.0032028035280648928,0.0031313749566363215,0.07142857142857142,1.0,0.0,
rolling_momentum_21d,2023-01-30 23:00:00+00:00,70,0.20189413329855657,0.19706062461726884,0.5857142857142857,0.0080530321831188,0.007910175040261657,0.14285714285714285,1.0,0.0,
rolling_momentum_21d,2023-01-31 23:00:00+00:00,70,0.18265273859784315,0.1887673869302773,0.4714285714285714,0.004373362992212418,0.004230505849355275,0.14285714285714285,1.0,0.0,
rolling_momentum_21d,2023-02-01 23:00:00+00:00,70,0.20830248970573523,0.21518677281077772,0.45714285714285713,0.009399982119472752,0.009399982119472752,0.0,1.0,0.0,
rolling_momentum_21d,2023-02-02 23:00:00+00:00,70,0.21581715363300913,0.2081882599947511,0.45714285714285713,0.0062265270150084085,0.006155098443579837,0.07142857142857142,1.0,0.0,
rolling_momentum_21d,2023-02-03 23:00:00+00:00,70,0.20139091006554283,0.2260694602396991,0.4142857142857143,0.008906446856816836,0.008906446856816836,0.0,1.0,0.0,
rolling_momentum_21d,2023-02-06 23:00:00+00:00,70,0.15325992826652,0.2352025194646138,0.38571428571428573,0.0034476027968329934,0.0033047456539758505,0.14285714285714285,1.0,0.0,
rolling_momentum_21d,2023-02-07 23:00:00+00:00,70,0.1287054485561968,0.08043040853818564,0.44285714285714284,0.0015321346976300786,0.0015321346976300786,0.0,1.0,0.0,
rolling_momentum_21d,2023-02-08 23:00:00+00:00,70,-0.07923940592430978,-0.05751027906569854,0.4,-0.011457381133040113,-0.011528809704468684,0.07142857142857142,1.0,0.0,
rolling_momentum_21d,2023-02-09 23:00:00+00:00,70,-0.26531645469072795,-0.16262794156241797,0.4714285714285714,-0.021823601417461168,-0.02196645856031831,0.14285714285714285,1.0,0.0,
rolling_momentum_21d,2023-02-10 23:00:00+00:00,70,-0.4210054149420622,-0.3690490770711224,0.4,-0.02832156020853306,-0.028392988779961634,0.07142857142857142,1.0,0.0,
rolling_momentum_21d,2023-02-13 23:00:00+00:00,70,-0.37942104709373925,-0.30588749890648237,0.4714285714285714,-0.02079185860322227,-0.020934715746079413,0.14285714285714285,1.0,0.0,
rolling_momentum_21d,2023-02-14 23:00:00+00:00,70,-0.28291963345518695,-0.2727145481585163,0.44285714285714284,-0.02119268488915869,-0.021335542032015833,0.14285714285714285,1.0,0.0,
rolling_momentum_21d,2023-02-15 23:00:00+00:00,70,-0.2112924504993067,-0.19223165077421048,0.44285714285714284,-0.007749542520146403,-0.007892399663003546,0.14285714285714285,1.0,0.0,
rolling_momentum_21d,2023-02-16 23:00:00+00:00,70,-0.15068669645154734,-0.13032980491645524,0.44285714285714284,-0.00902154171583375,-0.00909297028726232,0.07142857142857142,1.0,0.0,
rolling_momentum_21d,2023-02-17 23:00:00+00:00,70,-0.13022359139347392,0.04697751727757851,0.5571428571428572,-0.0018120401718550354,-0.0018834687432836069,0.07142857142857142,1.0,0.0,
rolling_momentum_21d,2023-02-20 23:00:00+00:00,70,-0.2009507562389146,-0.1586037966932027,0.45714285714285713,-0.007730847154163292,-0.007730847154163292,0.0,1.0,0.0,
rolling_momentum_21d,2023-02-21 23:00:00+00:00,70,-0.2554807193652052,-0.20692852768786632,0.44285714285714284,-0.008307610891565858,-0.008450468034423,0.14285714285714285,1.0,0.0,
rolling_momentum_21d,2023-02-22 23:00:00+00:00,70,-0.02489959387955236,-0.10048114775610184,0.4857142857142857,0.0006358613976046038,0.000493004254747461,0.14285714285714285,1.0,0.0,
rolling_momentum_21d,2023-02-23 23:00:00+00:00,70,-0.028049186745804523,-0.04410812702300761,0.5285714285714286,0.005398809996678735,0.005327381425250164,0.07142857142857142,1.0,0.0,
rolling_momentum_21d,2023-02-24 23:00:00+00:00,70,0.0176669218134048,-0.049392004199107685,0.5142857142857142,0.002022079022128285,0.002022079022128285,0.0,1.0,0.0,
rolling_momentum_21d,2023-02-27 23:00:00+00:00,70,0.13555059322639465,0.14681130259819788,0.6142857142857143,0.013302561519091953,0.013231132947663381,0.07142857142857142,1.0,0.0,
rolling_momentum_21d,2023-02-28 23:00:00+00:00,70,0.1366193841960954,0.1771848482197533,0.6285714285714286,0.016514469907270048,0.016371612764412905,0.14285714285714285,1.0,0.0,
rolling_momentum_21d,2023-03-01 23:00:00+00:00,70,0.16949214973037335,0.15146531362085558,0.5,0.014648170050463342,0.0145053129076062,0.14285714285714285,1.0,0.0,
rolling_momentum_21d,2023-03-02 23:00:00+00:00,70,-0.01936260196635692,0.015799142682180037,0.44285714285714284,-0.0023832610063261607,-0.002454689577754732,0.07142857142857142,1.0,0.0,
rolling_momentum_21d,2023-03-03 23:00:00+00:00,70,0.12121491494104154,0.17151605283877175,0.5,0.012904371305206467,0.012904371305206467,0.0,1.0,0.0,
rolling_momentum_21d,2023-03-06 23:00:00+00:00,70,-0.07256090480391739,0.16990639489108567,0.5857142857142857,0.003910772950863799,0.0038393443794352278,0.07142857142857142,1.0,0.0,
rolling_momentum_21d,2023-03-07 23:00:00+00:00,70,-0.19091508353644543,0.17561018283614732,0.6285714285714286,0.0006107092034305928,0.0005392806320020213,0.07142857142857142,1.0,0.0,
rolling_momentum_21d,2023-03-08 23:00:00+00:00,70,-0.1836571825868208,0.10461027031755753,0.5857142857142857,-0.004337163667176476,-0.004408592238605047,0.07142857142857142,1.0,0.0,
rolling_momentum_21d,2023-03-09 23:00:00+00:00,70,0.03604537683935449,0.09439244160615869,0.5714285714285714,0.005259779091180328,0.005188350519751757,0.07142857142857142,1.0,0.0,
rolling_momentum_21d,2023-03-10 23:00:00+00:00,70,0.03503842073941118,0.05744029393753827,0.5285714285714286,-0.0013069678732717026,-0.0014498250161288455,0.14285714285714285,1.0,0.0,
rolling_momentum_21d,2023-03-13 23:00:00+00:00,70,0.038936131572376735,-0.0012422360248447203,0.45714285714285713,-0.00671120857860804,-0.006782637150036611,0.07142857142857142,1.0,0.0,
rolling_momentum_21d,2023-03-14 23:00:00+00:00,70,-0.024637920543276577,-0.005336366022220278,0.4142857142857143,-0.005815488264050407,-0.005815488264050407,0.0,1.0,0.0,
rolling_momentum_21d,2023-03-15 23:00:00+00:00,70,-0.10952242260160965,-0.11972705800017497,0.4142857142857143,-0.00820595209833138,-0.00820595209833138,0.0,1.0,0.0,
rolling_momentum_21d,2023-03-16 23:00:00+00:00,70,-0.12912053637785825,-0.19471612282389994,0.4,-0.009981504514482218,-0.010052933085910789,0.07142857142857142,1.0,0.0,
rolling_momentum_21d,2023-03-17 23:00:00+00:00,70,-0.06998265017982386,-0.12347126235674918,0.4142857142857143,-0.003969380820165959,-0.0040408093915945305,0.07142857142857142,1.0,0.0,
rolling_momentum_21d,2023-03-20 23:00:00+00:00,70,0.08047393372241647,0.05946986265418598,0.5428571428571428,0.0051459510568027675,0.004931665342517053,0.21428571428571427,1.0,0.0,
rolling_momentum_21d,2023-03-21 23:00:00+00:00,70,0.09846555790139894,0.05943487009010585,0.5142857142857142,0.0007660616109803715,0.0006232044681232287,0.14285714285714285,1.0,0.0,
rolling_momentum_21d,2023-03-22 23:00:00+00:00,70,0.1800507137414589,0.11486309159303648,0.4857142857142857,0.009623498163761894,0.009480641020904752,0.14285714285714285,1.0,0.0,
rolling_momentum_21d,2023-03-23 23:00:00+00:00,70,0.13769766846241352,0.06657335316245297,0.45714285714285713,0.0036261525768633745,0.0034832954340062315,0.14285714285714285,1.0,0.0,
rolling_momentum_21d,2023-03-24 23:00:00+00:00,70,0.16137371291460634,0.18764762487971304,0.5857142857142857,0.00951674361666916,0.009302457902383446,0.21428571428571427,1.0,0.0,
rolling_momentum_21d,2023-03-27 23:00:00+00:00,70,0.1865627568950777,0.1750852943749453,0.5,0.010340661501833642,0.010340661501833642,0.0,1.0,0.0,
rolling_momentum_21d,2023-03-28 23:00:00+00:00,70,0.41624762623389466,0.3763975155279503,0.4857142857142857,0.025980199405944093,0.02583734226308695,0.14285714285714285,1.0,0.0,
rolling_momentum_21d,2023-03-29 23:00:00+00:00,70,0.36855152516341866,0.34885836759688565,0.5428571428571428,0.017334249709152948,0.017262821137724375,0.07142857142857142,1.0,0.0,
rolling_momentum_21d,2023-03-30 23:00:00+00:00,70,0.037485786018040784,0.08302276351031933,0.5285714285714286,0.0022837567084835896,0.0022837567084835896,0.0,1.0,0.0,
rolling_momentum_21d,2023-03-31 23:00:00+00:00,70,-0.17543498998096352,-0.14688128772635817,0.42857142857142855,-0.0053668896681334346,-0.005581175382419149,0.21428571428571427,1.0,0.0,
rolling_momentum_21d,2023-04-03 23:00:00+00:00,70,-0.20801804883149344,-0.2123173825562068,0.5285714285714286,-0.015477652058804095,-0.015477652058804095,0.0,1.0,0.0,
rolling_momentum_21d,2023-04-04 23:00:00+00:00,70,-0.15097027779924532,-0.16640713848307234,0.45714285714285713,-0.012060250664988552,-0.012131679236417123,0.07142857142857142,1.0,0.0,
rolling_momentum_21d,2023-04-05 23:00:00+00:00,70,0.04178711220605011,0.03207068497944187,0.5428571428571428,0.0032982049976624196,0.0032982049976624196,0.0,1.0,0.0,
rolling_momentum_21d,2023-04-06 23:00:00+00:00,70,0.28769281985292905,0.24500043740705096,0.5857142857142857,0.01930476739177178,0.019161910248914636,0.14285714285714285,1.0,0.0,
rolling_momentum_21d,2023-04-11 23:00:00+00:00,70,0.31836604350194647,0.26193683842183535,0.5571428571428572,0.02383630885188026,0.02376488028045169,0.07142857142857142,1.0,0.0,
rolling_momentum_21d,2023-04-12 23:00:00+00:00,70,0.39668534820471407,0.42206281165252385,0.6714285714285714,0.02768795219259841,0.027616523621169838,0.07142857142857142,1.0,0.0,
rolling_momentum_21d,2023-04-13 23:00:00+00:00,70,0.35827943308782995,0.36047589887148984,0.6428571428571429,0.015627461438349068,0.015556032866920496,0.07142857142857142,1.0,0.0,
rolling_momentum_21d,2023-04-14 23:00:00+00:00,70,-0.004336827215697296,-0.12644563030356049,0.4142857142857143,-0.006515408943558371,-0.006515408943558371,0.0,1.0,0.0,
rolling_momentum_21d,2023-04-17 23:00:00+00:00,70,-0.1673095186103912,-0.21375207768349225,0.34285714285714286,-0.012882762075773827,-0.012954190647202398,0.07142857142857142,1.0,0.0,
rolling_momentum_21d,2023-04-18 23:00:00+00:00,70,-0.13043129816776886,-0.19506604846470124,0.3142857142857143,-0.005267977859181,-0.005410835002038142,0.14285714285714285,1.0,0.0,
rolling_momentum_21d,2023-04-19 23:00:00+00:00,70,-0.02343081157172219,-0.12287638876738693,0.42857142857142855,0.001160309891192225,0.001160309891192225,0.0,1.0,0.0,
rolling_momentum_21d,2023-04-20 23:00:00+00:00,70,-0.04788274037121909,-0.07917067623130085,0.4714285714285714,0.0027805051934595743,0.0027805051934595743,0.0,1.0,0.0,
rolling_momentum_21d,2023-04-21 23:00:00+00:00,70,0.32993106213080925,0.35708162015571693,0.6428571428571429,0.022924193289777312,0.022924193289777312,0.0,1.0,0.0,
rolling_momentum_21d,2023-04-24 23:00:00+00:00,70,0.32545662996265845,0.30844195608433206,0.6571428571428571,0.018891145558462503,0.01881971698703393,0.07142857142857142,1.0,0.0,
rolling_momentum_21d,2023-04-25 23:00:00+00:00,70,0.3029353447687274,0.29811914968069286,0.6285714285714286,0.017411660297088266,0.017340231725659693,0.07142857142857142,1.0,0.0,
rolling_momentum_21d,2023-04-26 23:00:00+00:00,70,0.22240085936811899,0.28653661097016886,0.6571428571428571,0.011976389003302732,0.011976389003302732,0.0,1.0,0.0,
rolling_momentum_21d,2023-04-27 23:00:00+00:00,70,-0.1566654531341065,-0.04344326830548508,0.4857142857142857,-0.004001525528883767,-0.004001525528883767,0.0,1.0,0.0,
rolling_momentum_21d,2023-04-28 23:00:00+00:00,70,-0.42969028891436817,-0.2574227976554982,0.37142857142857144,-0.02044215362938295,-0.020513582200811523,0.07142857142857142,1.0,0.0,
rolling_momentum_21d,2023-05-01 23:00:00+00:00,70,-0.40303716573226367,-0.15751902720671856,0.4,-0.018706169216342758,-0.018706169216342758,0.0,1.0,0.0,
rolling_momentum_21d,2023-05-02 23:00:00+00:00,70,-0.35154529688602076,-0.19198838237443927,0.44285714285714284,-0.014818024262460724,-0.014889452833889295,0.07142857142857142,1.0,0.0,
rolling_momentum_21d,2023-05-03 23:00:00+00:00,70,-0.11876530119036743,-0.027906569853906046,0.4857142857142857,-0.004656879470149792,-0.004799736613006935,0.14285714285714285,1.0,0.0,
rolling_momentum_21d,2023-05-04 23:00:00+00:00,70,0.12603777488192777,0.051841483684717,0.5714285714285714,0.004917615428244297,0.004917615428244297,0.0,1.0,0.0,
rolling_momentum_21d,2023-05-05 23:00:00+00:00,70,0.19039783213426212,0.10338553057475286,0.45714285714285713,0.011322495226201735,0.010893923797630305,0.42857142857142855,1.0,0.0,
rolling_momentum_21d,2023-05-08 23:00:00+00:00,70,0.2273106644317316,0.16301285976729943,0.4142857142857143,0.009470669351709978,0.009399240780281407,0.07142857142857142,1.0,0.0,
rolling_momentum_21d,2023-05-09 23:00:00+00:00,70,0.20710562287747233,0.15825387105240135,0.5714285714285714,0.011998734790805288,0.011927306219376717,0.07142857142857142,1.0,0.0,
rolling_momentum_21d,2023-05-10 23:00:00+00:00,70,-0.01275325911277094,-0.04837721984078383,0.37142857142857144,0.005287983806101261,0.00521655523467269,0.07142857142857142,1.0,0.0,
rolling_momentum_21d,2023-05-11 23:00:00+00:00,70,0.0137253065459396,-0.10762339691295558,0.4,0.0041131522516742024,0.004041723680245631,0.07142857142857142,1.0,0.0,
rolling_momentum_21d,2023-05-12 23:00:00+00:00,70,0.07080230817678025,0.10478523313795816,0.5285714285714286,0.008813531005872349,0.008813531005872349,0.0,1.0,0.0,
rolling_momentum_21d,2023-05-15 23:00:00+00:00,70,0.00034975529922390703,0.055060799580089234,0.5142857142857142,0.010344000417348495,0.010272571845919924,0.07142857142857142,1.0,0.0,
rolling_momentum_21d,2023-05-16 23:00:00+00:00,70,-0.10359753928789113,-0.00488146268917855,0.44285714285714284,0.0035210768420788994,0.003449648270650328,0.07142857142857142,1.0,0.0,
rolling_momentum_21d,2023-05-17 23:00:00+00:00,70,-0.025133355210688255,0.09565217391304348,0.5714285714285714,0.006343584707054614,0.006200727564197471,0.14285714285714285,1.0,0.0,
rolling_momentum_21d,2023-05-18 23:00:00+00:00,70,-0.06743444675105402,-0.009535473711836235,0.5428571428571428,-0.0024301903658425464,-0.0026444760801282606,0.21428571428571427,1.0,0.0,
rolling_momentum_21d,2023-05-19 23:00:00+00:00,70,-0.1128565470402637,-0.0819000962295512,0.4857142857142857,-0.009082528083500482,-0.009082528083500482,0.0,1.0,0.0,
rolling_momentum_21d,2023-05-22 23:00:00+00:00,70,-0.009866324137762688,0.07931064648762139,0.4714285714285714,0.0013985320771188392,0.0012556749342616962,0.14285714285714285,1.0,0.0,
rolling_momentum_21d,2023-05-23 23:00:00+00:00,70,-0.22900915555477938,-0.19944011897471783,0.34285714285714286,-0.006181328612553131,-0.006181328612553131,0.0,1.0,0.0,
rolling_momentum_21d,2023-05-24 23:00:00+00:00,70,-0.019595632311684538,-0.0036567229463738958,0.5428571428571428,-0.0032736586941838498,-0.003345087265612421,0.07142857142857142,1.0,0.0,
rolling_momentum_21d,2023-05-25 23:00:00+00:00,70,0.27283845025376974,0.25098416586475375,0.6,0.006219639684017189,0.006148211112588618,0.07142857142857142,1.0,0.0,
rolling_momentum_21d,2023-05-26 23:00:00+00:00,70,0.3944934580716092,0.31028178009918034,0.6142857142857143,0.008079018419056085,0.008007589847627514,0.07142857142857142,1.0,0.0,
rolling_momentum_21d,2023-05-29 23:00:00+00:00,70,0.3061596788005335,0.17214591899221413,0.5,0.005880828492568132,0.005666542778282418,0.21428571428571427,1.0,0.0,
rolling_momentum_21d,2023-05-30 23:00:00+00:00,70,0.361882832560095,0.3463738955471962,0.6428571428571429,0.010220520350789221,0.01014909177936065,0.07142857142857142,1.0,0.0,
rolling_momentum_21d,2023-05-31 23:00:00+00:00,70,0.35895939310180497,0.4046715073046977,0.6714285714285714,0.024345697035363163,0.02427426846393459,0.07142857142857142,1.0,0.0,
rolling_momentum_21d,2023-06-01 23:00:00+00:00,70,0.28739063083208055,0.38070160090980665,0.6714285714285714,0.019403652368484795,0.019260795225627653,0.14285714285714285,1.0,0.0,
rolling_momentum_21d,2023-06-02 23:00:00+00:00,70,0.2238749974977293,0.201854605896247,0.5714285714285714,0.009914449744716098,0.009914449744716098,0.0,1.0,0.0,
rolling_momentum_21d,2023-06-05 23:00:00+00:00,70,0.21792253398598752,0.214486921529175,0.5285714285714286,0.010945024821378914,0.010873596249950343,0.07142857142857142,1.0,0.0,
rolling_momentum_21d,2023-06-06 23:00:00+00:00,70,0.10862191086589226,0.07507654623392529,0.4857142857142857,0.008417697204918731,0.00834626863349016,0.07142857142857142,1.0,0.0,
rolling_momentum_21d,2023-06-07 23:00:00+00:00,70,-0.07909152278833771,-0.04690753214941824,0.4714285714285714,-0.006656541559138143,-0.006656541559138143,0.0,1.0,0.0,
rolling_momentum_21d,2023-06-08 23:00:00+00:00,70,-0.16589969412340289,-0.17812964744991688,0.45714285714285713,-0.010211449439500836,-0.010282878010929407,0.07142857142857142,1.0,0.0,
rolling_momentum_21d,2023-06-09 23:00:00+00:00,70,-0.18764789686922898,-0.12434607645875251,0.45714285714285713,-0.009728020424529261,-0.009870877567386404,0.14285714285714285,1.0,0.0,
rolling_momentum_21d,2023-06-12 23:00:00+00:00,70,-0.2080717458398344,-0.22998862741667392,0.4,-0.013180262565332428,-0.013251691136761,0.07142857142857142,1.0,0.0,
rolling_momentum_21d,2023-06-13 23:00:00+00:00,70,-0.30048411078121046,-0.22141544921704137,0.5428571428571428,-0.016936065822788098,-0.01707892296564524,0.14285714285714285,1.0,0.0,
rolling_momentum_21d,2023-06-14 23:00:00+00:00,70,-0.35139873750741035,-0.2468200507392179,0.45714285714285713,-0.021307438881697144,-0.021378867453125717,0.07142857142857142,1.0,0.0,
rolling_momentum_21d,2023-06-15 23:00:00+00:00,70,-0.33986407300282695,-0.25448342227276705,0.4857142857142857,-0.020113200814418714,-0.020113200814418714,0.0,1.0,0.0,
rolling_momentum_21d,2023-06-16 23:00:00+00:00,70,-0.37596772413740565,-0.2552882512466101,0.4857142857142857,-0.022329134648240587,-0.02240056321966916,0.07142857142857142,1.0,0.0,
rolling_momentum_21d,2023-06-19 23:00:00+00:00,70,-0.3010285693928556,-0.1805791269355262,0.4714285714285714,-0.015841971225080236,-0.01591339979650881,0.07142857142857142,1.0,0.0,
rolling_momentum_21d,2023-06-20 23:00:00+00:00,70,-0.24213365391829908,-0.2511438294543608,0.32857142857142857,-0.013730553594033756,-0.013801982165462327,0.07142857142857142,1.0,0.0,
rolling_momentum_21d,2023-06-21 23:00:00+00:00,70,-0.099338710838401,-0.11251858979966756,0.4714285714285714,-0.009571691846260518,-0.009785977560546232,0.21428571428571427,1.0,0.0,
rolling_momentum_21d,2023-06-22 23:00:00+00:00,70,-0.18171715882178352,-0.24038141894847342,0.37142857142857144,-0.0054913921259744855,-0.0057056778402602,0.21428571428571427,1.0,0.0,
rolling_momentum_21d,2023-06-23 23:00:00+00:00,70,-0.07302536331187712,-0.12417111363835186,0.45714285714285713,-0.005664387224639636,-0.00587867293892535,0.21428571428571427,1.0,0.0,
rolling_momentum_21d,2023-06-26 23:00:00+00:00,70,-0.020649985066527814,-0.03301548420960546,0.4714285714285714,-0.0006340704681309895,-0.0006340704681309895,0.0,1.0,0.0,
rolling_momentum_21d,2023-06-27 23:00:00+00:00,70,-0.060357794026943884,-0.06275916367771849,0.4857142857142857,-0.0002617243843926247,-0.00047601009867833896,0.21428571428571427,1.0,0.0,
rolling_momentum_21d,2023-06-28 23:00:00+00:00,70,-0.040796915055673635,-0.01394453678593299,0.4714285714285714,0.000993731566482114,0.000993731566482114,0.0,1.0,0.0,
rolling_momentum_21d,2023-06-29 23:00:00+00:00,70,0.010037317512194936,0.12126673081970081,0.6,-0.003820447907277828,-0.003963305050134971,0.14285714285714285,1.0,0.0,
rolling_momentum_21d,2023-06-30 23:00:00+00:00,70,-0.0005466311148642944,-0.05243635727407926,0.5142857142857142,-0.00039737162382197144,-0.00046880019525054285,0.07142857142857142,1.0,0.0,
rolling_momentum_21d,2023-07-03 23:00:00+00:00,70,-0.2752499042387825,-0.04970693727582889,0.5428571428571428,-0.007186448519821268,-0.007543591376964125,0.3571428571428571,1.0,0.0,
rolling_momentum_21d,2023-07-04 23:00:00+00:00,70,-0.2390617542647101,-0.19510104102878137,0.45714285714285713,-0.005333051017873778,-0.005333051017873778,0.0,1.0,0.0,
rolling_momentum_21d,2023-07-05 23:00:00+00:00,70,-0.03337579623682856,-0.18402750440302126,0.5428571428571428,-0.00812526755659942,-0.00819669612802799,0.07142857142857142,1.0,0.0,
rolling_momentum_21d,2023-07-06 23:00:00+00:00,70,0.04487725936830254,-0.04172863266555857,0.5571428571428572,-0.0017894815996730604,-0.001860910171101632,0.07142857142857142,1.0,0.0,
rolling_momentum_21d,2023-07-07 23:00:00+00:00,70,0.07159592133455699,-0.008275741404951447,0.4857142857142857,-0.000304537334612924,-0.0004473944774700669,0.14285714285714285,1.0,0.0,
rolling_momentum_21d,2023-07-10 23:00:00+00:00,70,0.07368325478510457,-1.7496282040066486e-05,0.5142857142857142,0.0009427818826331546,0.0009427818826331546,0.0,1.0,0.0,
rolling_momentum_21d,2023-07-11 23:00:00+00:00,70,0.05159110076973326,-0.02878138395590937,0.4714285714285714,0.0013148172362102287,0.0011719600933530858,0.14285714285714285,1.0,0.0,
rolling_momentum_21d,2023-07-12 23:00:00+00:00,70,-0.0541893297447681,-0.04127372933251684,0.5142857142857142,0.004657069752740603,0.0044427840384548885,0.21428571428571427,1.0,0.0,
rolling_momentum_21d,2023-07-13 23:00:00+00:00,70,-0.22794743803765058,-0.2650861691890473,0.44285714285714284,-0.01869196731100022,-0.018906253025285934,0.21428571428571427,1.0,0.0,
rolling_momentum_21d,2023-07-14 23:00:00+00:00,70,-0.19013361542415796,-0.25535823637477034,0.38571428571428573,-0.009798200743359506,-0.009798200743359506,0.0,1.0,0.0,
rolling_momentum_21d,2023-07-17 23:00:00+00:00,70,-0.12360957389960053,-0.2245647799842533,0.44285714285714284,-0.00957950830589453,-0.009650936877323102,0.07142857142857142,1.0,0.0,
rolling_momentum_21d,2023-07-18 23:00:00+00:00,70,-0.12987216957520625,-0.23698714023270054,0.4857142857142857,-0.012262214547702151,-0.012476500261987865,0.21428571428571427,1.0,0.0,
rolling_momentum_21d,2023-07-19 23:00:00+00:00,70,-0.1520086495453237,-0.09225789519727058,0.5714285714285714,-0.003461410631012297,-0.00360426777386944,0.14285714285714285,1.0,0.0,
rolling_momentum_21d,2023-07-20 23:00:00+00:00,70,0.04518517980659758,0.01194996063336541,0.5285714285714286,0.0015051333827808928,0.0014337048113523213,0.07142857142857142,1.0,0.0,
rolling_momentum_21d,2023-07-21 23:00:00+00:00,70,0.0035655010334451286,0.045857755227014255,0.5142857142857142,-0.0007884516593749895,-0.0007884516593749895,0.0,1.0,0.0,
rolling_momentum_21d,2023-07-24 23:00:00+00:00,70,-0.13290831310568874,-0.09218791006911031,0.4857142857142857,-0.0013905851711534698,-0.0016762994568677555,0.2857142857142857,1.0,0.0,
rolling_momentum_21d,2023-07-25 23:00:00+00:00,70,0.03933485617981151,-0.0951622780159216,0.44285714285714284,0.002522945492352379,0.0024515169209238076,0.07142857142857142,1.0,0.0,
rolling_momentum_21d,2023-07-26 23:00:00+00:00,70,-0.31588984164859113,-0.28223252558831247,0.35714285714285715,-0.008006362884880663,-0.008006362884880663,0.0,1.0,0.0,
rolling_momentum_21d,2023-07-27 23:00:00+00:00,70,-0.23189751451187343,-0.17466538360598372,0.44285714285714284,-0.011835867434834621,-0.011835867434834621,0.0,1.0,0.0,
rolling_momentum_21d,2023-07-28 23:00:00+00:00,70,-0.2587973616355572,0.007610882687428921,0.5142857142857142,-0.010527829289391178,-0.010742115003676892,0.21428571428571427,1.0,0.0,
rolling_momentum_21d,2023-07-31 23:00:00+00:00,70,-0.03186561868722961,0.12242148543434521,0.6285714285714286,0.004876841975111057,0.004733984832253914,0.14285714285714285,1.0,0.0,
rolling_momentum_21d,2023-08-01 23:00:00+00:00,70,0.02396348776547014,0.16374770361298224,0.5285714285714286,0.008731366228606183,0.008731366228606183,0.0,1.0,0.0,
rolling_momentum_21d,2023-08-02 23:00:00+00:00,70,0.1983883324495406,0.14961070772460852,0.5714285714285714,0.020389867130783938,0.020389867130783938,0.0,1.0,0.0,
rolling_momentum_21d,2023-08-03 23:00:00+00:00,70,0.22101740956317306,0.24517540022745163,0.5857142857142857,0.010179846814442218,0.010108418243013647,0.07142857142857142,1.0,0.0,
rolling_momentum_21d,2023-08-04 23:00:00+00:00,70,0.13160857227723077,0.11384830723471262,0.5142857142857142,0.010764711031100152,0.01062185388824301,0.14285714285714285,1.0,0.0,
rolling_momentum_21d,2023-08-07 23:00:00+00:00,70,-0.1461123052737643,0.00033242935876126324,0.5,0.0005520196819249326,0.0004091625390677898,0.14285714285714285,1.0,0.0,
rolling_momentum_21d,2023-08-08 23:00:00+00:00,70,-0.13092175297809275,-0.027066748315982853,0.5142857142857142,-0.0007468653466209856,-0.0007468653466209856,0.0,1.0,0.0,
rolling_momentum_21d,2023-08-09 23:00:00+00:00,70,-0.1582089146878334,-0.07612632315632928,0.5142857142857142,-0.0028142099214859876,-0.002885638492914559,0.07142857142857142,1.0,0.0,
rolling_momentum_21d,2023-08-10 23:00:00+00:00,70,0.17900402532379964,0.04270842445980229,0.44285714285714284,0.006154583046357514,0.006083154474928943,0.07142857142857142,1.0,0.0,
rolling_momentum_21d,2023-08-11 23:00:00+00:00,70,0.2670642495340148,0.12357624004898961,0.5285714285714286,0.007668379780515307,0.007596951209086736,0.07142857142857142,1.0,0.0,
rolling_momentum_21d,2023-08-14 23:00:00+00:00,70,0.38519990196037984,0.13519377132359373,0.5,0.01148322898851426,0.011411800417085689,0.07142857142857142,1.0,0.0,
rolling_momentum_21d,2023-08-15 23:00:00+00:00,70,0.40806280268460826,0.2735543696964395,0.5857142857142857,0.011518412849869946,0.011518412849869946,0.0,1.0,0.0,
rolling_momentum_21d,2023-08-16 23:00:00+00:00,70,0.24086894988860708,0.22844895459714812,0.5714285714285714,0.010091963541511772,0.010091963541511772,0.0,1.0,0.0,
rolling_momentum_21d,2023-08-17 23:00:00+00:00,70,0.3340990061152272,0.2897909194296212,0.5428571428571428,0.015163123603374398,0.015020266460517255,0.14285714285714285,1.0,0.0,
rolling_momentum_21d,2023-08-18 23:00:00+00:00,70,0.3835837984096123,0.2997987927565392,0.5428571428571428,0.013648538566006911,0.013648538566006911,0.0,1.0,0.0,
rolling_momentum_21d,2023-08-21 23:00:00+00:00,70,0.2749662355429931,0.257107864578777,0.5428571428571428,0.014995417831674003,0.014781132117388289,0.21428571428571427,1.0,0.0,
rolling_momentum_21d,2023-08-22 23:00:00+00:00,70,0.08922798957398774,0.18169888898609046,0.5714285714285714,0.007696846505902248,0.007696846505902248,0.0,1.0,0.0,
rolling_momentum_21d,2023-08-23 23:00:00+00:00,70,0.14195474853904333,0.20314933076721198,0.5,0.005469367957934574,0.005397939386506003,0.07142857142857142,1.0,0.0,
rolling_momentum_21d,2023-08-24 23:00:00+00:00,70,-0.13768077687172228,-0.09271279853031231,0.4,-0.007886728949816168,-0.007886728949816168,0.0,1.0,0.0,
rolling_momentum_21d,2023-08-25 23:00:00+00:00,70,-0.08874969896481953,-0.14453678593298924,0.42857142857142855,-0.006048569562227625,-0.006191426705084767,0.14285714285714285,1.0,0.0,
rolling_momentum_21d,2023-08-28 23:00:00+00:00,70,-0.21465073083456265,-0.2711048902108302,0.37142857142857144,-0.011824957878469785,-0.011967815021326928,0.14285714285714285,1.0,0.0,
rolling_momentum_21d,2023-08-29 23:00:00+00:00,70,-0.11190811093990319,-0.2479748053538623,0.37142857142857144,-0.014894452138649273,-0.014894452138649273,0.0,1.0,0.0,
rolling_momentum_21d,2023-08-30 23:00:00+00:00,70,0.03764339802896094,0.08627416673956785,0.5285714285714286,0.003542810215130169,0.003399953072273026,0.14285714285714285,1.0,0.0,
rolling_momentum_21d,2023-08-31 23:00:00+00:00,70,0.02825104908945678,-0.035569941387455166,0.5142857142857142,0.004992056925148395,0.004992056925148395,0.0,1.0,0.0,
rolling_momentum_21d,2023-09-01 23:00:00+00:00,70,0.035334816048404744,0.010515265506079959,0.5857142857142857,0.007765595667144779,0.0076941670957162075,0.07142857142857142,1.0,0.0,
rolling_momentum_21d,2023-09-04 23:00:00+00:00,70,0.048156441513173984,0.009780421660397165,0.5428571428571428,0.0062839343923748545,0.006212505820946283,0.07142857142857142,1.0,0.0,
rolling_momentum_21d,2023-09-05 23:00:00+00:00,70,0.21417882566017765,0.15545446592599074,0.5285714285714286,0.028415672999321347,0.028272815856464205,0.14285714285714285,1.0,0.0,
rolling_momentum_21d,2023-09-06 23:00:00+00:00,70,0.2889610922915379,0.28223252558831247,0.6,0.01652194666415422,0.016450518092725647,0.07142857142857142,1.0,0.0,
rolling_momentum_21d,2023-09-07 23:00:00+00:00,70,0.4144091924339872,0.4672032193158953,0.5285714285714286,0.02809729778737967,0.02809729778737967,0.0,1.0,0.0,
rolling_momentum_21d,2023-09-08 23:00:00+00:00,70,0.5690984883923387,0.6152917505030181,0.6571428571428571,0.041274416285733716,0.04091727342859086,0.3571428571428571,1.0,0.0,
rolling_momentum_21d,2023-09-11 23:00:00+00:00,70,0.6129074928835373,0.6542734668882862,0.6285714285714286,0.03512760576114936,0.03512760576114936,0.0,1.0,0.0,
rolling_momentum_21d,2023-09-12 23:00:00+00:00,70,0.24232048601612718,0.4654535911118888,0.6,0.019244942768796715,0.019244942768796715,0.0,1.0,0.0,
rolling_momentum_21d,2023-09-13 23:00:00+00:00,70,0.11055514672927542,0.27351937713235935,0.6571428571428571,0.012168890426321086,0.012097461854892515,0.07142857142857142,1.0,0.0,
rolling_momentum_21d,2023-09-14 23:00:00+00:00,70,-0.07809038070399317,0.07458665033680342,0.6,0.0037701691129874496,0.0036987405415588783,0.07142857142857142,1.0,0.0,
rolling_momentum_21d,2023-09-15 23:00:00+00:00,70,-0.18870807472212778,-0.12389117312571078,0.5142857142857142,-0.0026025538657916823,-0.0026025538657916823,0.0,1.0,0.0,
rolling_momentum_21d,2023-09-18 23:00:00+00:00,70,-0.1684455319113864,0.06898784008398215,0.5857142857142857,-0.00018756101741165379,-0.0002589895888402252,0.07142857142857142,1.0,0.0,
rolling_momentum_21d,2023-09-19 23:00:00+00:00,70,-0.005061827715742936,0.14054763362785408,0.6142857142857143,0.003833374970473065,0.003833374970473065,0.0,1.0,0.0,
rolling_momentum_21d,2023-09-20 23:00:00+00:00,70,-0.18937615770393973,-0.008380719097191845,0.5571428571428572,0.0015926343684298603,0.0015212057970012888,0.07142857142857142,1.0,0.0,
rolling_momentum_21d,2023-09-21 23:00:00+00:00,70,0.01421046988967251,0.07448167264456303,0.5142857142857142,0.004373431210731902,0.00423057406787476,0.14285714285714285,1.0,0.0,
rolling_momentum_21d,2023-09-22 23:00:00+00:00,70,-0.02143499709489531,0.03347038754264719,0.5571428571428572,0.002221151707849389,0.002221151707849389,0.0,1.0,0.0,
rolling_momentum_21d,2023-09-25 23:00:00+00:00,70,0.12314733266524731,0.10482022570203832,0.5285714285714286,0.0036294885898157576,0.0036294885898157576,0.0,1.0,0.0,
rolling_momentum_21d,2023-09-26 23:00:00+00:00,70,0.13066094812919538,0.0940775085294375,0.6,0.004830847029858634,0.004830847029858634,0.0,1.0,0.0,
rolling_momentum_21d,2023-09-27 23:00:00+00:00,70,0.16983067185992817,0.07535648674656635,0.5,0.006542037365740373,0.006470608794311802,0.07142857142857142,1.0,0.0,
rolling_momentum_21d,2023-09-28 23:00:00+00:00,70,0.1528508186309421,0.0911031405826262,0.4714285714285714,0.0015677210294941612,0.0015677210294941612,0.0,1.0,0.0,
rolling_momentum_21d,2023-09-29 23:00:00+00:00,70,0.15058758346433004,0.07854081007785844,0.4714285714285714,-0.0014097504505015922,-0.0014811790219301636,0.07142857142857142,1.0,0.0,
rolling_momentum_21d,2023-10-02 23:00:00+00:00,70,0.2212873215684857,0.14306709824162364,0.4857142857142857,0.009304759055596678,0.009090473341310964,0.21428571428571427,1.0,0.0,
rolling_momentum_21d,2023-10-03 23:00:00+00:00,70,0.30163706091097886,0.2522089056075584,0.5571428571428572,0.013502988699302792,0.01343156012787422,0.07142857142857142,1.0,0.0,
rolling_momentum_21d,2023-10-04 23:00:00+00:00,70,0.4162806440414855,0.3200944799230163,0.5714285714285714,0.02273584364215708,0.022664415070728507,0.07142857142857142,1.0,0.0,
rolling_momentum_21d,2023-10-05 23:00:00+00:00,70,0.32379724420696016,0.21821553859236367,0.4857142857142857,0.01295698982839376,0.012885561256965189,0.07142857142857142,1.0,0.0,
rolling_momentum_21d,2023-10-06 23:00:00+00:00,70,0.4608506138420426,0.24856967894322457,0.42857142857142855,0.023874705211252026,0.023874705211252026,0.0,1.0,0.0,
rolling_momentum_21d,2023-10-09 23:00:00+00:00,70,0.36119582045868504,0.2584025894497419,0.45714285714285713,0.017804453818099822,0.017590168103814106,0.21428571428571427,1.0,0.0,
rolling_momentum_21d,2023-10-10 23:00:00+00:00,70,-0.12193782165909557,-0.16570728720146968,0.42857142857142855,-0.012134160236703589,-0.012134160236703589,0.0,1.0,0.0,
rolling_momentum_21d,2023-10-11 23:00:00+00:00,70,-0.02466503855920526,0.008660659609832911,0.45714285714285713,-0.0002463645518060398,-0.0003892216946631826,0.14285714285714285,1.0,0.0,
rolling_momentum_21d,2023-10-12 23:00:00+00:00,70,0.117495560284666,0.1492607820838072,0.45714285714285713,0.004543722378674093,0.004543722378674093,0.0,1.0,0.0,
rolling_momentum_21d,2023-10-13 23:00:00+00:00,70,0.10427295823549604,0.15146531362085558,0.5285714285714286,0.008319154756658821,0.00824772618523025,0.07142857142857142,1.0,0.0,
rolling_momentum_21d,2023-10-16 23:00:00+00:00,70,0.004497792946497428,0.07182223777447293,0.4857142857142857,0.008065060827715046,0.007922203684857904,0.14285714285714285,1.0,0.0,
rolling_momentum_21d,2023-10-17 23:00:00+00:00,70,0.22131573607565377,0.23828186510366547,0.5,0.01639905619455717,0.016327627623128598,0.07142857142857142,1.0,0.0,
rolling_momentum_21d,2023-10-18 23:00:00+00:00,70,0.16986581730497435,0.061429446242673436,0.4714285714285714,0.015292494160130956,0.015149637017273813,0.14285714285714285,1.0,0.0,
rolling_momentum_21d,2023-10-19 23:00:00+00:00,70,0.16326271236767254,0.006526113200944799,0.42857142857142855,0.00702993962027403,0.006887082477416887,0.14285714285714285,1.0,0.0,
rolling_momentum_21d,2023-10-20 23:00:00+00:00,70,0.18616832378225132,0.03896422010322806,0.42857142857142855,0.010771337238882234,0.010771337238882234,0.0,1.0,0.0,
rolling_momentum_21d,2023-10-23 23:00:00+00:00,70,0.23137692833814866,0.1024757239086694,0.44285714285714284,0.012149738728561742,0.012149738728561742,0.0,1.0,0.0,
rolling_momentum_21d,2023-10-24 23:00:00+00:00,70,0.11359546269414868,-0.08193508879363136,0.4142857142857143,-0.0013403361635305918,-0.0014117647349591632,0.07142857142857142,1.0,0.0,
rolling_momentum_21d,2023-10-25 23:00:00+00:00,70,0.2619168204664335,-0.013804566529612459,0.4142857142857143,0.010446003855889197,0.010374575284460626,0.07142857142857142,1.0,0.0,
rolling_momentum_21d,2023-10-26 23:00:00+00:00,70,0.14857140159071278,0.0015921616656460504,0.38571428571428573,0.009234295739786139,0.009234295739786139,0.0,1.0,0.0,
rolling_momentum_21d,2023-10-27 23:00:00+00:00,70,0.10319301610531312,0.013314670632490595,0.5,-0.003957565262803178,-0.004171850977088893,0.21428571428571427,1.0,0.0,
rolling_momentum_21d,2023-10-30 23:00:00+00:00,70,0.26581215572021,0.00873072111590679,0.37142857142857144,0.0018780550840616392,0.0018066265126330677,0.07142857142857142,1.0,0.0,
rolling_momentum_21d,2023-10-31 23:00:00+00:00,70,0.18261548975603278,0.11314845595310997,0.44285714285714284,0.010215806641106953,0.01000152092682124,0.21428571428571427,1.0,0.0,
rolling_momentum_21d,2023-11-01 23:00:00+00:00,70,-0.04200371551205394,-0.05925990726970518,0.4,0.004481737633243332,0.004267451918957618,0.21428571428571427,1.0,0.0,
rolling_momentum_21d,2023-11-02 23:00:00+00:00,70,-0.35117615030194294,-0.3249584463301548,0.4,-0.017787096705033388,-0.01785852527646196,0.07142857142857142,1.0,0.0,
rolling_momentum_21d,2023-11-03 23:00:00+00:00,70,-0.4075361756351454,-0.3826611844982941,0.4714285714285714,-0.025786985598086454,-0.025786985598086454,0.0,1.0,0.0,
rolling_momentum_21d,2023-11-06 23:00:00+00:00,70,-0.3695829371597429,-0.35627679118187383,0.44285714285714284,-0.020413246703917014,-0.020413246703917014,0.0,1.0,0.0,
rolling_momentum_21d,2023-11-07 23:00:00+00:00,70,-0.3060084823673808,-0.2544134371446068,0.37142857142857144,-0.012094932543065236,-0.012237789685922379,0.14285714285714285,1.0,0.0,
rolling_momentum_21d,2023-11-08 23:00:00+00:00,70,-0.3591758047205556,-0.3464788732394366,0.35714285714285715,-0.027389218130628102,-0.027460646702056675,0.07142857142857142,1.0,0.0,
rolling_momentum_21d,2023-11-09 23:00:00+00:00,70,-0.18607685702522683,-0.22473974280465397,0.4,0.001594026052479107,0.0013083117667648213,0.2857142857142857,1.0,0.0,
rolling_momentum_21d,2023-11-10 23:00:00+00:00,70,0.05387018261462145,-0.14548158516315282,0.5,0.00990695838160667,0.009621244095892385,0.2857142857142857,1.0,0.0,
rolling_momentum_21d,2023-11-13 23:00:00+00:00,70,-0.15531658570424633,-0.32782783658472575,0.4,-0.007813658184375724,-0.007813658184375724,0.0,1.0,0.0,
rolling_momentum_21d,2023-11-14 23:00:00+00:00,70,-0.22231081854243795,-0.20843320794331205,0.4,-0.013739972006674267,-0.013739972006674267,0.0,1.0,0.0,
rolling_momentum_21d,2023-11-15 23:00:00+00:00,70,-0.36497994106657655,-0.24283089843408273,0.42857142857142855,-0.03135485618562034,-0.03142628475704891,0.07142857142857142,1.0,0.0,
rolling_momentum_21d,2023-11-16 23:00:00+00:00,70,-0.10654903730219527,0.022517714985565564,0.5571428571428572,-0.015341589716249425,-0.015341589716249425,0.0,1.0,0.0,
rolling_momentum_21d,2023-11-17 23:00:00+00:00,70,-0.21322775325714496,-0.0642638439331642,0.42857142857142855,-0.021370672742129712,-0.021370672742129712,0.0,1.0,0.0,
rolling_momentum_21d,2023-11-20 23:00:00+00:00,70,-0.2428274975176945,0.02034817601259732,0.5142857142857142,-0.010996485133582725,-0.011067913705011296,0.07142857142857142,1.0,0.0,
rolling_momentum_21d,2023-11-21 23:00:00+00:00,70,0.06437967702264864,0.17851456565479834,0.5857142857142857,0.0028801223637054825,0.0026658366494197684,0.21428571428571427,1.0,0.0,
rolling_momentum_21d,2023-11-22 23:00:00+00:00,70,0.2981077576636546,0.3123961158253871,0.6428571428571429,0.018971214946901006,0.018828357804043863,0.14285714285714285,1.0,0.0,
rolling_momentum_21d,2023-11-23 23:00:00+00:00,70,-0.004710253392754398,-0.021852856268043043,0.5142857142857142,0.005530376030022175,0.005458947458593604,0.07142857142857142,1.0,0.0,
rolling_momentum_21d,2023-11-24 23:00:00+00:00,70,-0.021744388200444078,-0.029971131134633885,0.6142857142857143,0.008614655363514606,0.008400369649228892,0.21428571428571427,1.0,0.0,
rolling_momentum_21d,2023-11-27 23:00:00+00:00,70,0.19854990079403786,0.23145831510803958,0.6285714285714286,0.024100700934152206,0.024100700934152206,0.0,1.0,0.0,
rolling_momentum_21d,2023-11-28 23:00:00+00:00,70,0.2200413493605156,0.3330767211967457,0.6571428571428571,0.02294895093120169,0.02280609378834455,0.14285714285714285,1.0,0.0,
rolling_momentum_21d,2023-11-29 23:00:00+00:00,70,0.23714466223001385,0.37916192809028076,0.6714285714285714,0.019941252438124342,0.019941252438124342,0.0,1.0,0.0,
rolling_momentum_21d,2023-11-30 23:00:00+00:00,70,0.43617235593860615,0.49257282827399174,0.6285714285714286,0.028620575341009154,0.02854914676958058,0.07142857142857142,1.0,0.0,
rolling_momentum_21d,2023-12-01 23:00:00+00:00,70,0.3747672639373326,0.4559356136820925,0.5285714285714286,0.025184921366104278,0.025042064223247135,0.14285714285714285,1.0,0.0,
rolling_momentum_21d,2023-12-04 23:00:00+00:00,70,0.1640177215265453,0.3064473799317645,0.5,0.011414498406143135,0.011414498406143135,0.0,1.0,0.0,
rolling_momentum_21d,2023-12-05 23:00:00+00:00,70,-0.07007530289134489,0.11846732569329017,0.4,0.0054649475978814895,0.005393519026452918,0.07142857142857142,1.0,0.0,
rolling_momentum_21d,2023-12-06 23:00:00+00:00,70,0.1024634905017245,0.1384480797830461,0.44285714285714284,0.008425401012336475,0.008425401012336475,0.0,1.0,0.0,
rolling_momentum_21d,2023-12-07 23:00:00+00:00,70,0.07714175497973838,0.1783396028343977,0.5857142857142857,0.006430466880282114,0.006430466880282114,0.0,1.0,0.0,
rolling_momentum_21d,2023-12-08 23:00:00+00:00,70,0.03600037882767368,0.12532586825299624,0.5142857142857142,0.004199532177246821,0.004056675034389679,0.14285714285714285,1.0,0.0,
rolling_momentum_21d,2023-12-11 23:00:00+00:00,70,0.19394032181675738,0.19328819146438303,0.5285714285714286,0.008399777755087897,0.008256920612230755,0.14285714285714285,1.0,0.0,
rolling_momentum_21d,2023-12-12 23:00:00+00:00,70,0.2482634801314858,0.12351057694822846,0.6,0.007553363110455543,0.007553363110455543,0.0,1.0,0.0,
rolling_momentum_21d,2023-12-13 23:00:00+00:00,70,0.1841556543671681,0.09435744904207856,0.5714285714285714,0.004080067753665969,0.004080067753665969,0.0,1.0,0.0,
rolling_momentum_21d,2023-12-14 23:00:00+00:00,70,0.16605875620669916,0.07969556469250283,0.44285714285714284,0.0011185905162495356,0.0011185905162495356,0.0,1.0,0.0,
rolling_momentum_21d,2023-12-15 23:00:00+00:00,70,0.22035035297525588,0.17368559181174,0.5,0.004152069749434446,0.004152069749434446,0.0,1.0,0.0,
rolling_momentum_21d,2023-12-18 23:00:00+00:00,70,0.09810692569574918,0.05026681830111101,0.45714285714285713,0.00286645089210164,0.0027950223206730687,0.07142857142857142,1.0,0.0,
rolling_momentum_21d,2023-12-19 23:00:00+00:00,70,-0.1393052464219518,-0.030286064211355084,0.45714285714285713,-0.0048412322780415585,-0.00491266084947013,0.07142857142857142,1.0,0.0,
rolling_momentum_21d,2023-12-20 23:00:00+00:00,70,-0.27416846706061937,-0.09512728545184147,0.44285714285714284,-0.0037689614784605567,-0.003840390049889128,0.07142857142857142,1.0,0.0,
rolling_momentum_21d,2023-12-21 23:00:00+00:00,70,-0.08393898041967714,0.022097804216603973,0.4714285714285714,0.00012857752985269975,-1.4279613004443095e-05,0.14285714285714285,1.0,0.0,
rolling_momentum_21d,2023-12-22 23:00:00+00:00,70,-0.045852313923811186,0.14320706849794418,0.5,-0.0013010870080807492,-0.0013010870080807492,0.0,1.0,0.0,
rolling_momentum_21d,2023-12-27 23:00:00+00:00,70,-0.1549159724952791,0.040293937538273115,0.45714285714285713,-0.0045371829992084745,-0.0045371829992084745,0.0,1.0,0.0,
rolling_momentum_21d,2023-12-28 23:00:00+00:00,70,0.24422877711611177,0.2031214460677128,0.4,0.009940122811598671,0.0098686942401701,0.07142857142857142,1.0,0.0,
rolling_momentum_21d,2023-12-29 23:00:00+00:00,70,0.18199755646486981,0.21028781383955905,0.4142857142857143,0.006671023838512834,0.006528166695655691,0.14285714285714285,1.0,0.0,
rolling_momentum_21d,2024-07-01 23:00:00+00:00,70,0.134496882140267,0.06174491947502015,0.4857142857142857,0.0019066288697961616,0.0006923431555104474,1.2142857142857142,1.0,0.0,
rolling_momentum_21d,2024-07-02 23:00:00+00:00,70,0.07870062373516692,-0.02864141369958884,0.4,0.016465045966181025,0.016393617394752452,0.07142857142857142,1.0,0.0,
rolling_momentum_21d,2024-07-03 23:00:00+00:00,70,-0.35176570612099534,-0.3225789519727058,0.42857142857142855,-0.02219367663047861,-0.022336533773335752,0.14285714285714285,1.0,0.0,
rolling_momentum_21d,2024-07-04 23:00:00+00:00,70,-0.4082616964059679,-0.3622955122036567,0.4714285714285714,-0.01657715163934279,-0.01657715163934279,0.0,1.0,0.0,
rolling_momentum_21d,2024-07-05 23:00:00+00:00,70,-0.4414884885691396,-0.5359636077333566,0.42857142857142855,-0.022077663341212157,-0.02214909191264073,0.07142857142857142,1.0,0.0,
rolling_momentum_21d,2024-07-08 23:00:00+00:00,70,-0.26218875635603545,-0.4529262531712011,0.45714285714285713,-0.025789084929003354,-0.025860513500431927,0.07142857142857142,1.0,0.0,
rolling_momentum_21d,2024-07-09 23:00:00+00:00,70,-0.11465408987361397,-0.30676231300848567,0.4857142857142857,-0.01482448236775231,-0.01489591093918088,0.07142857142857142,1.0,0.0,
rolling_momentum_21d,2024-07-10 23:00:00+00:00,70,-0.01648555883386321,-0.16014346951272854,0.5,-0.006977670704284268,-0.006977670704284268,0.0,1.0,0.0,
rolling_momentum_21d,2024-07-11 23:00:00+00:00,70,-0.3070004292619854,-0.3712186160440907,0.42857142857142855,-0.019328328053767024,-0.01954261376805274,0.21428571428571427,1.0,0.0,
rolling_momentum_21d,2024-07-12 23:00:00+00:00,70,-0.2212515722202518,-0.19594086256670457,0.44285714285714284,-0.019197320499975433,-0.019340177642832575,0.14285714285714285,1.0,0.0,
rolling_momentum_21d,2024-07-15 23:00:00+00:00,70,-0.1607891711173026,-0.17693990027119236,0.35714285714285715,-0.006797169066868736,-0.006797169066868736,0.0,1.0,0.0,
rolling_momentum_21d,2024-07-16 23:00:00+00:00,70,-0.1515511202803741,-0.23898171638526813,0.45714285714285713,-0.012545720206329353,-0.012545720206329353,0.0,1.0,0.0,
rolling_momentum_21d,2024-07-17 23:00:00+00:00,70,-0.12709280220609362,-0.19863529000087482,0.42857142857142855,-0.009016477413088277,-0.009302191698802562,0.2857142857142857,1.0,0.0,
rolling_momentum_21d,2024-07-18 23:00:00+00:00,70,0.08119083454733592,-0.06786807803341789,0.4714285714285714,-0.0013094246113236365,-0.001380853182752208,0.07142857142857142,1.0,0.0,
rolling_momentum_21d,2024-07-19 23:00:00+00:00,70,0.16644645609484499,-0.043548245997725485,0.5,0.0055353393352887284,0.005249625049574443,0.2857142857142857,1.0,0.0,
rolling_momentum_21d,2024-07-22 23:00:00+00:00,70,0.17080370338285183,-0.1672469600209955,0.4,-0.004259497778674843,-0.004473783492960557,0.21428571428571427,1.0,0.0,
rolling_momentum_21d,2024-07-23 23:00:00+00:00,70,0.11060111107138246,-0.17109614206981016,0.4714285714285714,-0.0024420702145661823,-0.0025134987859947535,0.07142857142857142,1.0,0.0,
rolling_momentum_21d,2024-07-24 23:00:00+00:00,70,0.08136584674109837,-0.024302335753652347,0.5285714285714286,-0.003258725182325311,-0.0033301537537538824,0.07142857142857142,1.0,0.0,
rolling_momentum_21d,2024-07-25 23:00:00+00:00,70,0.15489036702740494,0.07458665033680342,0.4857142857142857,0.00244046442835925,0.002297607285502107,0.14285714285714285,1.0,0.0,
rolling_momentum_21d,2024-07-26 23:00:00+00:00,70,0.2922282655113015,0.27232962995363486,0.6,0.014900045210257281,0.01482861663882871,0.07142857142857142,1.0,0.0,
rolling_momentum_21d,2024-07-29 23:00:00+00:00,70,0.27033905734535374,0.19359636077333567,0.5714285714285714,0.014154465265654117,0.014154465265654117,0.0,1.0,0.0,
rolling_momentum_21d,2024-07-30 23:00:00+00:00,70,0.07071141438572906,0.053661097016883916,0.4857142857142857,0.009124599430370516,0.008910313716084802,0.21428571428571427,1.0,0.0,
rolling_momentum_21d,2024-07-31 23:00:00+00:00,70,0.1309595456882114,0.19753475230177886,0.5714285714285714,0.01143153576004012,0.01143153576004012,0.0,1.0,0.0,
rolling_momentum_21d,2024-08-01 23:00:00+00:00,70,0.13420970695971382,0.024547283702213277,0.5142857142857142,0.005678755891329693,0.0055358987484725505,0.14285714285714285,1.0,0.0,
rolling_momentum_21d,2024-08-02 23:00:00+00:00,70,0.04010059060465551,0.026261919342139797,0.5,-0.0009142690844002022,-0.0009142690844002022,0.0,1.0,0.0,
rolling_momentum_21d,2024-08-05 23:00:00+00:00,70,-0.002829993041560793,0.1255008310733969,0.5571428571428572,-0.0009544928780625323,-0.001240207163776818,0.2857142857142857,1.0,0.0,
rolling_momentum_21d,2024-08-06 23:00:00+00:00,70,0.1370035539297192,0.2065086169189047,0.6285714285714286,0.007497579736467992,0.007426151165039421,0.07142857142857142,1.0,0.0,
rolling_momentum_21d,2024-08-07 23:00:00+00:00,70,0.07392984066100228,0.14733619105939988,0.6285714285714286,0.0017721177519885098,0.0017006891805599383,0.07142857142857142,1.0,0.0,
rolling_momentum_21d,2024-08-08 23:00:00+00:00,70,0.0663503311508029,0.27638876738693025,0.6428571428571429,0.007150790827083527,0.007079362255654956,0.07142857142857142,1.0,0.0,
rolling_momentum_21d,2024-08-09 23:00:00+00:00,70,-0.13403279483692196,-0.1843233312921004,0.4142857142857143,-0.0055714989411033925,-0.005714356083960535,0.14285714285714285,1.0,0.0,
rolling_momentum_21d,2024-08-12 23:00:00+00:00,70,0.05320078450829958,-0.05747528650161841,0.45714285714285713,0.005181751000969546,0.005038893858112403,0.14285714285714285,1.0,0.0,
rolling_momentum_21d,2024-08-13 23:00:00+00:00,70,0.04735126194702151,0.00194208730644738,0.4857142857142857,0.0055608346399214715,0.0054894060684929,0.07142857142857142,1.0,0.0,
rolling_momentum_21d,2024-08-14 23:00:00+00:00,70,0.15630985324850058,0.10964919954509666,0.4857142857142857,0.009523924052176029,0.009381066909318886,0.14285714285714285,1.0,0.0,
rolling_momentum_21d,2024-08-15 23:00:00+00:00,70,-0.11300434386800179,-0.11699763800192459,0.5142857142857142,-0.004929047416016578,-0.005000475987445149,0.07142857142857142,1.0,0.0,
rolling_momentum_21d,2024-08-16 23:00:00+00:00,70,0.06473120293237038,-0.023427521651649026,0.5,0.0012544403094600005,0.001183011738031429,0.07142857142857142,1.0,0.0,
rolling_momentum_21d,2024-08-19 23:00:00+00:00,70,0.015422063274359517,-0.06569853906044966,0.5,-0.005455172102415288,-0.00552660067384386,0.07142857142857142,1.0,0.0,
rolling_momentum_21d,2024-08-20 23:00:00+00:00,70,-0.07463940058084434,-0.1836584725745779,0.44285714285714284,-0.01860738388170357,-0.01860738388170357,0.0,1.0,0.0,
rolling_momentum_21d,2024-08-21 23:00:00+00:00,70,-0.2246938223636268,-0.2716647712361123,0.4,-0.026109049701055157,-0.026109049701055157,0.0,1.0,0.0,
rolling_momentum_21d,2024-08-22 23:00:00+00:00,70,-0.03702177167232303,-0.027906569853906046,0.42857142857142855,-0.012203386978233855,-0.012203386978233855,0.0,1.0,0.0,
rolling_momentum_21d,2024-08-23 23:00:00+00:00,70,-0.17409332340549416,-0.1513791565026564,0.42857142857142855,-0.01993247891437315,-0.01993247891437315,0.0,1.0,0.0,
rolling_momentum_21d,2024-08-26 23:00:00+00:00,70,-0.06917791231085031,-0.03523782029546347,0.4714285714285714,-0.009805709316778093,-0.009948566459635235,0.14285714285714285,1.0,0.0,
rolling_momentum_21d,2024-08-27 23:00:00+00:00,70,-0.09725382503601687,-0.08812877263581488,0.5142857142857142,-0.0019611596671164928,-0.002175445381402207,0.21428571428571427,1.0,0.0,
rolling_momentum_21d,2024-08-28 23:00:00+00:00,70,0.33562379642261264,0.31201119762050566,0.6285714285714286,0.012303357343673589,0.012231928772245017,0.07142857142857142,1.0,0.0,
rolling_momentum_21d,2024-08-29 23:00:00+00:00,70,0.08429696125530685,-0.018353599860029744,0.4857142857142857,0.010754832083198019,0.010611974940340876,0.14285714285714285,1.0,0.0,
rolling_momentum_21d,2024-08-30 23:00:00+00:00,70,0.17981830633905063,0.06937275828886362,0.5428571428571428,0.014364493030262012,0.014293064458833441,0.07142857142857142,1.0,0.0,
rolling_momentum_21d,2024-09-02 23:00:00+00:00,70,0.21247182387721947,0.06114950573003237,0.5,0.011330026234848174,0.011187169091991031,0.14285714285714285,1.0,0.0,
rolling_momentum_21d,2024-09-03 23:00:00+00:00,70,0.4482807459019677,0.35183273554369693,0.5857142857142857,0.030722325129463844,0.03065089655803527,0.07142857142857142,1.0,0.0,
rolling_momentum_21d,2024-09-04 23:00:00+00:00,70,0.27551807261792505,0.161053276178812,0.5428571428571428,0.027472267593049885,0.027472267593049885,0.0,1.0,0.0,
rolling_momentum_21d,2024-09-05 23:00:00+00:00,70,0.20203531272446865,0.15340874297449042,0.5428571428571428,0.026833683126184914,0.026833683126184914,0.0,1.0,0.0,
rolling_momentum_21d,2024-09-06 23:00:00+00:00,70,0.2874037794988795,0.2511591286851544,0.5857142857142857,0.03930186936869126,0.03923044079726269,0.07142857142857142,1.0,0.0,
rolling_momentum_21d,2024-09-09 23:00:00+00:00,70,0.2950665123130698,0.22309509229288776,0.6,0.03428425358142527,0.034069967867139554,0.21428571428571427,1.0,0.0,
rolling_momentum_21d,2024-09-10 23:00:00+00:00,70,0.3565360521811775,0.22155541947336188,0.6142857142857143,0.02717054180126476,0.027099113229836186,0.07142857142857142,1.0,0.0,
rolling_momentum_21d,2024-09-11 23:00:00+00:00,70,0.35292295722294903,0.23684716997638,0.7,0.01959163660099547,0.019520208029566898,0.07142857142857142,1.0,0.0,
rolling_momentum_21d,2024-09-12 23:00:00+00:00,70,0.43835845950652913,0.3052926253171201,0.6142857142857143,0.01866266107153766,0.01866266107153766,0.0,1.0,0.0,
rolling_momentum_21d,2024-09-13 23:00:00+00:00,70,-0.013456242428755318,-0.07654623392529088,0.42857142857142855,0.005970738548718103,0.005970738548718103,0.0,1.0,0.0,
rolling_momentum_21d,2024-09-16 23:00:00+00:00,70,-0.018568554228642318,0.031545796518239876,0.4142857142857143,0.005405262445524764,0.005333833874096193,0.07142857142857142,1.0,0.0,
rolling_momentum_21d,2024-09-17 23:00:00+00:00,70,-0.30745727880655016,-0.24286589099816286,0.35714285714285715,-0.01235962109146046,-0.012431049662889031,0.07142857142857142,1.0,0.0,
rolling_momentum_21d,2024-09-18 23:00:00+00:00,70,-0.26125689486232356,-0.3058175137783221,0.45714285714285713,-0.009597371745332046,-0.009668800316760618,0.07142857142857142,1.0,0.0,
rolling_momentum_21d,2024-09-19 23:00:00+00:00,70,-0.20648380184287288,-0.2611320094479923,0.42857142857142855,-0.01246974430184169,-0.012541172873270261,0.07142857142857142,1.0,0.0,
rolling_momentum_21d,2024-09-20 23:00:00+00:00,70,-0.003962294125448207,-0.0029918642288513687,0.5571428571428572,0.00021945790721230454,5.172192926590269e-06,0.21428571428571427,1.0,0.0,
rolling_momentum_21d,2024-09-23 23:00:00+00:00,70,-0.13965683291336511,-0.14551657772723295,0.5142857142857142,-0.002644443279469503,-0.002715871850898074,0.07142857142857142,1.0,0.0,
rolling_momentum_21d,2024-09-24 23:00:00+00:00,70,0.00035230639214605303,-0.01985828011547546,0.4714285714285714,0.003194568853691411,0.003194568853691411,0.0,1.0,0.0,
rolling_momentum_21d,2024-09-25 23:00:00+00:00,70,0.1122033371937792,0.0995013559618581,0.5571428571428572,0.009452707778988764,0.009452707778988764,0.0,1.0,0.0,
rolling_momentum_21d,2024-09-26 23:00:00+00:00,70,0.017298080726209315,0.12035692415361735,0.5857142857142857,0.006631620127649239,0.006631620127649239,0.0,1.0,0.0,
rolling_momentum_21d,2024-09-27 23:00:00+00:00,70,-0.17854237536290524,-0.2103577989677194,0.4,-0.0034586851383439747,-0.0036015422812011176,0.14285714285714285,1.0,0.0,
rolling_momentum_21d,2024-09-30 23:00:00+00:00,70,-0.2008439736402001,-0.3831510803954159,0.2714285714285714,-0.015204405146857837,-0.015275833718286409,0.07142857142857142,1.0,0.0,
rolling_momentum_21d,2024-10-01 23:00:00+00:00,70,-0.12717184829954592,-0.352112676056338,0.3,-0.006821379368759583,-0.006821379368759583,0.0,1.0,0.0,
rolling_momentum_21d,2024-10-02 23:00:00+00:00,70,-0.17054676572529867,-0.3980579126935526,0.3142857142857143,-0.015532576223370074,-0.015604004794798645,0.07142857142857142,1.0,0.0,
rolling_momentum_21d,2024-10-03 23:00:00+00:00,70,-0.09326915740049804,-0.28821625404601525,0.3142857142857143,-0.012037427518931677,-0.012037427518931677,0.0,1.0,0.0,
rolling_momentum_21d,2024-10-04 23:00:00+00:00,70,-0.025852178531033807,-0.27757851456565474,0.3142857142857143,-0.009178792146265732,-0.009250220717694303,0.07142857142857142,1.0,0.0,
rolling_momentum_21d,2024-10-07 23:00:00+00:00,70,-0.06224707923192081,-0.25815764150118103,0.38571428571428573,-0.010235302015521457,-0.010449587729807171,0.21428571428571427,1.0,0.0,
rolling_momentum_21d,2024-10-08 23:00:00+00:00,70,-0.002091102850786371,-0.12959496107077245,0.42857142857142855,-0.013323741711298746,-0.013466598854155888,0.14285714285714285,1.0,0.0,
rolling_momentum_21d,2024-10-09 23:00:00+00:00,70,0.051897390363727876,-0.02381243985653049,0.4142857142857143,-0.009251244193730487,-0.009322672765159058,0.07142857142857142,1.0,0.0,
rolling_momentum_21d,2024-10-10 23:00:00+00:00,70,0.02595073378542234,0.052366372145918993,0.5,-0.009932551644632586,-0.010075408787489729,0.14285714285714285,1.0,0.0,
rolling_momentum_21d,2024-10-11 23:00:00+00:00,70,0.1666721677584832,0.08144519289650949,0.5714285714285714,0.0030448590915434825,0.002616287662972054,0.42857142857142855,1.0,0.0,
rolling_momentum_21d,2024-10-14 23:00:00+00:00,70,-0.06906138457720862,-0.10478523313795816,0.4857142857142857,-0.005100196521649999,-0.005314482235935713,0.21428571428571427,1.0,0.0,
rolling_momentum_21d,2024-10-15 23:00:00+00:00,70,-0.2099588101400165,-0.21007785845507826,0.45714285714285713,-0.010305971698643095,-0.010448828841500238,0.14285714285714285,1.0,0.0,
rolling_momentum_21d,2024-10-16 23:00:00+00:00,70,-0.3569006074334493,-0.27169976380019245,0.44285714285714284,-0.017314255489225057,-0.01738568406065363,0.07142857142857142,1.0,0.0,
rolling_momentum_21d,2024-10-17 23:00:00+00:00,70,-0.30183774409573766,-0.16437756976642462,0.4,-0.009351180630132445,-0.009565466344418159,0.21428571428571427,1.0,0.0,
rolling_momentum_21d,2024-10-18 23:00:00+00:00,70,-0.2330265501941497,-0.11969206543609483,0.4,-0.0037620336606812637,-0.003833462232109835,0.07142857142857142,1.0,0.0,
rolling_momentum_21d,2024-10-21 23:00:00+00:00,70,-0.17607925446135442,-0.12492454662840576,0.44285714285714284,-0.0012678974260997963,-0.0014821831403855107,0.21428571428571427,1.0,0.0,
rolling_momentum_21d,2024-10-22 23:00:00+00:00,70,-0.018764443168686,0.17972338136792493,0.6142857142857143,0.005789127357920463,0.005717698786491892,0.07142857142857142,1.0,0.0,
rolling_momentum_21d,2024-10-23 23:00:00+00:00,70,-0.011738224561581691,0.12361231399575445,0.5714285714285714,0.0054053861876322785,0.005333957616203707,0.07142857142857142,1.0,0.0,
rolling_momentum_21d,2024-10-24 23:00:00+00:00,70,-0.3135156102341718,-0.06356399265156154,0.4857142857142857,-0.0069967240953648065,-0.007068152666793378,0.07142857142857142,1.0,0.0,
rolling_momentum_21d,2024-10-25 23:00:00+00:00,70,-0.2597393013090691,-0.13596479717777887,0.38571428571428573,-0.006698865992373329,-0.006698865992373329,0.0,1.0,0.0,
rolling_momentum_21d,2024-10-28 23:00:00+00:00,70,-0.16363770326395052,-0.16757655357222728,0.38571428571428573,-0.007615060078520745,-0.007615060078520745,0.0,1.0,0.0,
rolling_momentum_21d,2024-10-29 23:00:00+00:00,70,-0.023415737048139006,0.003971656023095092,0.5142857142857142,-0.002502623853294253,-0.002574052424722824,0.07142857142857142,1.0,0.0,
rolling_momentum_21d,2024-10-30 23:00:00+00:00,70,-0.1594009057755472,-0.05936488496194558,0.4714285714285714,-0.0047757496226936815,-0.004918606765550824,0.14285714285714285,1.0,0.0,
rolling_momentum_21d,2024-10-31 23:00:00+00:00,70,0.037093459197006795,0.1152130172338378,0.5428571428571428,0.0037026263902049917,0.0036311978187764204,0.07142857142857142,1.0,0.0,
rolling_momentum_21d,2024-11-01 23:00:00+00:00,70,-0.042854640274003396,-0.07574140495144782,0.5285714285714286,-3.6260235037700215e-05,-0.00017911737789484306,0.14285714285714285,1.0,0.0,
rolling_momentum_21d,2024-11-04 23:00:00+00:00,70,-0.20400919503019257,-0.010095354737118362,0.5571428571428572,-0.0048791996005041445,-0.004950628171932716,0.07142857142857142,1.0,0.0,
rolling_momentum_21d,2024-11-05 23:00:00+00:00,70,-0.14811454207034466,-0.01688391216866416,0.44285714285714284,-0.00144543043492095,-0.001588287577778093,0.14285714285714285,1.0,0.0,
rolling_momentum_21d,2024-11-06 23:00:00+00:00,70,0.3760508938988079,0.31019429792367026,0.5,0.034151432880085895,0.03400857573722875,0.14285714285714285,1.0,0.0,
rolling_momentum_21d,2024-11-07 23:00:00+00:00,70,0.20832715929506135,0.21144256845420345,0.5285714285714286,0.022578666565168163,0.02250723799373959,0.07142857142857142,1.0,0.0,
rolling_momentum_21d,2024-11-08 23:00:00+00:00,70,0.14979597947800793,0.18463826436882164,0.5428571428571428,0.023070829080334646,0.022927971937477504,0.14285714285714285,1.0,0.0,
rolling_momentum_21d,2024-11-11 23:00:00+00:00,70,0.15261546097188403,0.11237861954334702,0.4142857142857143,0.03137603301984633,0.03130460444841776,0.07142857142857142,1.0,0.0,
rolling_momentum_21d,2024-11-12 23:00:00+00:00,70,0.33303692214036357,0.25934738867990553,0.4857142857142857,0.03648897112462332,0.03641754255319475,0.07142857142857142,1.0,0.0,
rolling_momentum_21d,2024-11-13 23:00:00+00:00,70,0.28129693432146946,0.2286589099816289,0.5285714285714286,0.016483044518638516,0.016340187375781374,0.14285714285714285,1.0,0.0,
rolling_momentum_21d,2024-11-14 23:00:00+00:00,70,0.3923427616935716,0.326848044790482,0.5285714285714286,0.03111731337000747,0.030974456227150327,0.14285714285714285,1.0,0.0,
rolling_momentum_21d,2024-11-15 23:00:00+00:00,70,0.23099347487246052,0.10384134233047454,0.45714285714285713,0.01727973849611479,0.017208309924686218,0.07142857142857142,1.0,0.0,
rolling_momentum_21d,2024-11-18 23:00:00+00:00,70,0.3021877803376927,0.1692415361735631,0.4,0.01981100382693314,0.01981100382693314,0.0,1.0,0.0,
rolling_momentum_21d,2024-11-19 23:00:00+00:00,70,0.18009416676039008,0.07875145439418127,0.4142857142857143,0.012834280774780575,0.012834280774780575,0.0,1.0,0.0,
rolling_momentum_21d,2024-11-20 23:00:00+00:00,70,0.22802177269753776,0.05716035342489721,0.38571428571428573,0.015963181665796865,0.015820324522939723,0.14285714285714285,1.0,0.0,
rolling_momentum_21d,2024-11-21 23:00:00+00:00,70,0.25224148001802044,0.13284926953022483,0.4142857142857143,0.01571913956044948,0.015576282417592336,0.14285714285714285,1.0,0.0,
rolling_momentum_21d,2024-11-22 23:00:00+00:00,70,0.4261355241672146,0.3241186247922317,0.4142857142857143,0.024751533107897593,0.024751533107897593,0.0,1.0,0.0,
rolling_momentum_21d,2024-11-25 23:00:00+00:00,70,0.21501106923898544,0.122631440818826,0.4714285714285714,0.0159930687272216,0.01592164015579303,0.07142857142857142,1.0,0.0,
rolling_momentum_21d,2024-11-26 23:00:00+00:00,70,0.16220842066809957,0.023217566267168227,0.4857142857142857,0.011791097465851582,0.01171966889442301,0.07142857142857142,1.0,0.0,
rolling_momentum_21d,2024-11-27 23:00:00+00:00,70,-0.1979952374326038,-0.23702213279678067,0.5,-0.007945555278269885,-0.008088412421127027,0.14285714285714285,1.0,0.0,
rolling_momentum_21d,2024-11-28 23:00:00+00:00,70,-0.2916356537738668,-0.3862654185985478,0.4142857142857143,-0.01933509790133345,-0.019406526472762024,0.07142857142857142,1.0,0.0,
rolling_momentum_21d,2024-11-29 23:00:00+00:00,70,-0.30462969841435034,-0.2905607558393841,0.42857142857142855,-0.013732245781699385,-0.013732245781699385,0.0,1.0,0.0,
rolling_momentum_21d,2024-12-02 23:00:00+00:00,70,0.04103794275306287,0.21053276178812,0.5142857142857142,0.00698141003856652,0.006909981467137949,0.07142857142857142,1.0,0.0,
rolling_momentum_21d,2024-12-03 23:00:00+00:00,70,0.17430567819667064,0.2554632140670107,0.5714285714285714,0.00880807127381259,0.00880807127381259,0.0,1.0,0.0,
rolling_momentum_21d,2024-12-04 23:00:00+00:00,70,0.3202859030604267,0.35708162015571693,0.5571428571428572,0.017487244038156803,0.01741581546672823,0.07142857142857142,1.0,0.0,
rolling_momentum_21d,2024-12-05 23:00:00+00:00,70,0.12523807905719755,0.12767037004636514,0.5142857142857142,0.016461382314252725,0.016461382314252725,0.0,1.0,0.0,
rolling_momentum_21d,2024-12-06 23:00:00+00:00,70,-0.07466162066595887,-0.027311696264543783,0.5142857142857142,0.0023477502386092964,0.0023477502386092964,0.0,1.0,0.0,
rolling_momentum_21d,2024-12-09 23:00:00+00:00,70,-0.2251110837547164,-0.1054500918554807,0.4857142857142857,-0.008280904345259804,-0.008423761488116946,0.14285714285714285,1.0,0.0,
rolling_momentum_21d,2024-12-10 23:00:00+00:00,70,-0.3702336481818422,-0.1927915317994926,0.5285714285714286,-0.02247129686176921,-0.02247129686176921,0.0,1.0,0.0,
rolling_momentum_21d,2024-12-11 23:00:00+00:00,70,-0.3082197789739294,-0.2017863860315691,0.5428571428571428,-0.018214248185911726,-0.018214248185911726,0.0,1.0,0.0,
rolling_momentum_21d,2024-12-12 23:00:00+00:00,70,-0.33446187619852535,-0.24671507304697754,0.44285714285714284,-0.015376229779996503,-0.015447658351425074,0.07142857142857142,1.0,0.0,
rolling_momentum_21d,2024-12-13 23:00:00+00:00,70,-0.04867928533233782,0.049426996763187826,0.44285714285714284,-0.0022389957243144536,-0.0022389957243144536,0.0,1.0,0.0,
rolling_momentum_21d,2024-12-16 23:00:00+00:00,70,0.19561057340016716,0.20664858717522525,0.6,0.008404083178321699,0.008261226035464557,0.14285714285714285,1.0,0.0,
rolling_momentum_21d,2024-12-17 23:00:00+00:00,70,0.1542884560896855,0.1565042428483947,0.5571428571428572,0.010190188330563886,0.010190188330563886,0.0,1.0,0.0,
rolling_momentum_21d,2024-12-18 23:00:00+00:00,70,-0.09104752503329427,0.021852856268043043,0.5571428571428572,-0.011688961867186785,-0.011903247581472499,0.21428571428571427,1.0,0.0,
rolling_momentum_21d,2024-12-19 23:00:00+00:00,70,-0.04002746961069473,0.10716472749540723,0.5285714285714286,-0.004789696199413797,-0.004861124770842368,0.07142857142857142,1.0,0.0,
rolling_momentum_21d,2024-12-20 23:00:00+00:00,70,0.03306431926226838,0.08343976904907707,0.5,-0.0016268220088685897,-0.0016982505802971611,0.07142857142857142,1.0,0.0,
rolling_momentum_21d,2024-12-23 23:00:00+00:00,70,0.03266482693089279,0.03525500831073397,0.4714285714285714,-0.007850322109380277,-0.007850322109380277,0.0,1.0,0.0,
rolling_momentum_21d,2024-12-24 23:00:00+00:00,70,0.009816510708533469,0.007226217350845497,0.4142857142857143,-0.0025413960538224,-0.002684253196679543,0.14285714285714285,1.0,0.0,
rolling_momentum_21d,2024-12-27 23:00:00+00:00,70,0.018094387150647942,-0.02965619805791269,0.5142857142857142,0.0020350340151112007,0.0018921768722540578,0.14285714285714285,1.0,0.0,
rolling_momentum_21d,2024-12-30 23:00:00+00:00,70,0.15179831240939248,0.10475024057387805,0.4714285714285714,0.0045160296350703856,0.004444601063641814,0.07142857142857142,1.0,0.0,
rolling_momentum_21d,2024-12-31 23:00:00+00:00,70,0.07446378157792054,-0.003061849357011635,0.45714285714285713,0.004309607569895507,0.004238178998466935,0.07142857142857142,1.0,0.0,
